departamento,date,cases
Boaco,2020-03-22,1
Boaco,2020-04-07,1
Boaco,2020-04-26,3
Boaco,2020-05-01,1
Boaco,2020-05-02,2
Boaco,2020-05-10,1
Boaco,2020-05-12,2
Boaco,2020-05-18,2
Boaco,2020-05-20,1
Boaco,2020-05-26,1
Boaco,2020-05-28,2
Boaco,2020-05-29,3
Boaco,2020-06-01,13
Boaco,2020-06-03,3
Boaco,2020-06-04,1
Boaco,2020-06-05,10
Boaco,2020-06-07,4
Boaco,2020-06-10,2
Boaco,2020-06-11,3
Boaco,2020-06-12,4
Boaco,2020-06-13,2
Boaco,2020-06-14,13
Boaco,2020-06-15,16
Boaco,2020-06-18,14
Boaco,2020-06-20,7
Boaco,2020-06-21,3
Boaco,2020-06-22,1
Boaco,2020-06-23,2
Boaco,2020-06-25,1
Boaco,2020-06-26,2
Boaco,2020-06-28,3
Boaco,2020-06-29,19
Boaco,2020-06-30,1
Boaco,2020-07-01,16
Boaco,2020-07-05,2
Boaco,2020-07-10,1
Boaco,2020-07-12,4
Boaco,2020-07-14,16
Boaco,2020-07-15,4
Boaco,2020-07-21,1
Boaco,2020-07-24,3
Boaco,2020-08-20,7
Boaco,2020-12-03,1
Boaco,2020-12-08,1
Boaco,2020-12-20,8
Boaco,2021-01-04,7
Boaco,2021-03-20,1
Boaco,2021-04-04,3
Boaco,2021-05-04,15
Boaco,2021-06-18,1
Boaco,2021-07-06,2
Boaco,2021-07-27,1
Boaco,2021-08-02,2
Boaco,2021-08-20,8
Boaco,2021-08-23,2
Boaco,2021-08-24,1
Boaco,2021-08-26,2
Boaco,2021-08-30,1
Boaco,2021-08-31,1
Boaco,2021-09-04,2
Boaco,2021-09-05,7
Boaco,2021-09-06,1
Carazo,2020-03-21,1
Carazo,2020-04-26,1
Carazo,2020-04-28,5
Carazo,2020-05-04,2
Carazo,2020-05-06,2
Carazo,2020-05-07,3
Carazo,2020-05-09,1
Carazo,2020-05-10,1
Carazo,2020-05-15,4
Carazo,2020-05-19,4
Carazo,2020-05-21,1
Carazo,2020-05-22,4
Carazo,2020-05-23,1
Carazo,2020-05-24,5
Carazo,2020-05-25,31
Carazo,2020-05-26,2
Carazo,2020-05-27,3
Carazo,2020-05-28,2
Carazo,2020-05-29,1
Carazo,2020-05-31,5
Carazo,2020-06-01,1
Carazo,2020-06-02,2
Carazo,2020-06-03,4
Carazo,2020-06-04,3
Carazo,2020-06-05,1
Carazo,2020-06-06,3
Carazo,2020-06-07,3
Carazo,2020-06-10,14
Carazo,2020-06-11,15
Carazo,2020-06-12,24
Carazo,2020-06-14,1
Carazo,2020-06-15,3
Carazo,2020-06-19,1
Carazo,2020-06-20,1
Carazo,2020-06-21,6
Carazo,2020-06-22,2
Carazo,2020-06-23,4
Carazo,2020-06-24,6
Carazo,2020-06-25,9
Carazo,2020-06-26,6
Carazo,2020-06-27,8
Carazo,2020-06-28,5
Carazo,2020-06-29,1
Carazo,2020-06-30,1
Carazo,2020-07-01,3
Carazo,2020-07-02,1
Carazo,2020-07-03,3
Carazo,2020-07-04,2
Carazo,2020-07-05,4
Carazo,2020-07-06,2
Carazo,2020-07-12,2
Carazo,2020-07-14,4
Carazo,2020-07-15,5
Carazo,2020-07-17,2
Carazo,2020-07-19,4
Carazo,2020-07-20,3
Carazo,2020-07-21,2
Carazo,2020-07-23,1
Carazo,2020-07-24,1
Carazo,2020-08-26,3
Carazo,2020-09-15,1
Carazo,2020-09-26,2
Carazo,2020-09-29,2
Carazo,2020-10-11,1
Carazo,2020-11-10,3
Carazo,2020-11-15,1
Carazo,2020-11-18,5
Carazo,2020-11-24,1
Carazo,2020-12-03,6
Carazo,2020-12-15,8
Carazo,2021-01-06,3
Carazo,2021-04-04,1
Carazo,2021-04-05,2
Carazo,2021-04-06,1
Carazo,2021-04-08,1
Carazo,2021-04-28,8
Carazo,2021-05-02,1
Carazo,2021-05-12,5
Carazo,2021-05-18,1
Carazo,2021-05-25,1
Carazo,2021-05-30,3
Carazo,2021-05-31,1
Carazo,2021-06-21,1
Carazo,2021-07-06,5
Carazo,2021-07-07,13
Carazo,2021-07-08,4
Carazo,2021-07-09,9
Carazo,2021-07-12,1
Carazo,2021-07-27,1
Carazo,2021-07-28,9
Carazo,2021-07-30,2
Carazo,2021-08-04,3
Carazo,2021-08-16,1
Carazo,2021-08-19,1
Carazo,2021-09-03,5
Carazo,2021-09-04,4
Carazo,2021-09-05,1
Carazo,2021-09-07,1
Chinandega,2020-03-20,1
Chinandega,2020-03-26,2
Chinandega,2020-03-27,1
Chinandega,2020-03-28,3
Chinandega,2020-03-30,1
Chinandega,2020-04-01,1
Chinandega,2020-04-05,2
Chinandega,2020-04-12,1
Chinandega,2020-04-18,1
Chinandega,2020-04-26,4
Chinandega,2020-04-28,2
Chinandega,2020-04-29,2
Chinandega,2020-05-01,4
Chinandega,2020-05-02,7
Chinandega,2020-05-03,9
Chinandega,2020-05-04,11
Chinandega,2020-05-05,2
Chinandega,2020-05-06,6
Chinandega,2020-05-07,5
Chinandega,2020-05-08,3
Chinandega,2020-05-09,4
Chinandega,2020-05-10,6
Chinandega,2020-05-11,9
Chinandega,2020-05-12,11
Chinandega,2020-05-13,2
Chinandega,2020-05-14,3
Chinandega,2020-05-15,10
Chinandega,2020-05-16,11
Chinandega,2020-05-17,5
Chinandega,2020-05-18,4
Chinandega,2020-05-19,2
Chinandega,2020-05-20,8
Chinandega,2020-05-21,11
Chinandega,2020-05-22,2
Chinandega,2020-05-23,3
Chinandega,2020-05-24,10
Chinandega,2020-05-25,6
Chinandega,2020-05-26,2
Chinandega,2020-05-27,4
Chinandega,2020-05-28,11
Chinandega,2020-05-29,3
Chinandega,2020-05-30,4
Chinandega,2020-05-31,4
Chinandega,2020-06-01,16
Chinandega,2020-06-02,5
Chinandega,2020-06-03,5
Chinandega,2020-06-04,2
Chinandega,2020-06-05,2
Chinandega,2020-06-06,4
Chinandega,2020-06-07,2
Chinandega,2020-06-08,4
Chinandega,2020-06-09,2
Chinandega,2020-06-14,4
Chinandega,2020-06-15,9
Chinandega,2020-06-16,3
Chinandega,2020-06-17,2
Chinandega,2020-06-18,1
Chinandega,2020-06-21,6
Chinandega,2020-06-22,1
Chinandega,2020-06-23,1
Chinandega,2020-06-24,3
Chinandega,2020-06-27,1
Chinandega,2020-06-28,2
Chinandega,2020-07-01,1
Chinandega,2020-07-05,8
Chinandega,2020-07-06,2
Chinandega,2020-07-09,2
Chinandega,2020-07-10,1
Chinandega,2020-07-12,1
Chinandega,2020-07-13,2
Chinandega,2020-07-15,2
Chinandega,2020-07-20,5
Chinandega,2020-07-21,6
Chinandega,2020-07-22,1
Chinandega,2020-07-23,1
Chinandega,2020-08-12,4
Chinandega,2020-08-13,1
Chinandega,2020-08-15,7
Chinandega,2020-08-16,1
Chinandega,2020-08-17,2
Chinandega,2020-08-18,2
Chinandega,2020-08-31,1
Chinandega,2020-09-03,1
Chinandega,2020-09-09,2
Chinandega,2020-09-12,3
Chinandega,2020-09-14,1
Chinandega,2020-09-21,2
Chinandega,2020-09-22,1
Chinandega,2020-09-26,10
Chinandega,2020-10-14,3
Chinandega,2020-11-02,3
Chinandega,2020-11-10,7
Chinandega,2020-11-17,1
Chinandega,2020-12-02,2
Chinandega,2020-12-15,2
Chinandega,2021-01-05,1
Chinandega,2021-01-06,3
Chinandega,2021-01-07,1
Chinandega,2021-01-11,2
Chinandega,2021-01-16,1
Chinandega,2021-01-21,3
Chinandega,2021-01-23,1
Chinandega,2021-01-25,1
Chinandega,2021-02-03,4
Chinandega,2021-02-04,4
Chinandega,2021-02-15,1
Chinandega,2021-03-05,1
Chinandega,2021-04-04,35
Chinandega,2021-04-11,2
Chinandega,2021-04-12,1
Chinandega,2021-04-14,1
Chinandega,2021-04-25,9
Chinandega,2021-04-27,3
Chinandega,2021-04-28,11
Chinandega,2021-04-30,1
Chinandega,2021-05-05,1
Chinandega,2021-05-07,2
Chinandega,2021-05-08,1
Chinandega,2021-05-09,1
Chinandega,2021-05-10,3
Chinandega,2021-05-11,3
Chinandega,2021-05-13,2
Chinandega,2021-05-14,1
Chinandega,2021-05-15,80
Chinandega,2021-05-18,2
Chinandega,2021-05-20,1
Chinandega,2021-05-23,5
Chinandega,2021-05-28,7
Chinandega,2021-05-29,1
Chinandega,2021-05-31,1
Chinandega,2021-06-11,14
Chinandega,2021-06-14,3
Chinandega,2021-06-28,1
Chinandega,2021-06-29,1
Chinandega,2021-07-08,6
Chinandega,2021-07-09,1
Chinandega,2021-08-03,1
Chinandega,2021-08-04,3
Chinandega,2021-08-08,1
Chinandega,2021-08-22,1
Chinandega,2021-08-25,2
Chinandega,2021-08-27,5
Chinandega,2021-08-28,1
Chinandega,2021-08-29,1
Chinandega,2021-09-01,3
Chinandega,2021-09-02,18
Chinandega,2021-09-04,3
Chinandega,2021-09-05,1
Chinandega,2021-09-06,1
Chinandega,2021-09-07,5
Chontales,2020-03-24,3
Chontales,2020-03-30,2
Chontales,2020-04-05,1
Chontales,2020-04-10,2
Chontales,2020-04-17,18
Chontales,2020-04-19,1
Chontales,2020-05-06,4
Chontales,2020-05-07,2
Chontales,2020-05-08,1
Chontales,2020-05-14,1
Chontales,2020-05-16,9
Chontales,2020-05-18,3
Chontales,2020-05-22,2
Chontales,2020-05-24,4
Chontales,2020-05-25,1
Chontales,2020-05-26,1
Chontales,2020-05-27,3
Chontales,2020-05-28,2
Chontales,2020-05-31,1
Chontales,2020-06-01,2
Chontales,2020-06-03,2
Chontales,2020-06-05,1
Chontales,2020-06-06,1
Chontales,2020-06-07,2
Chontales,2020-06-08,1
Chontales,2020-06-11,3
Chontales,2020-06-12,2
Chontales,2020-06-13,2
Chontales,2020-06-14,1
Chontales,2020-06-15,5
Chontales,2020-06-16,1
Chontales,2020-06-17,4
Chontales,2020-06-18,15
Chontales,2020-06-19,5
Chontales,2020-06-20,2
Chontales,2020-06-21,1
Chontales,2020-06-22,1
Chontales,2020-06-25,2
Chontales,2020-06-26,1
Chontales,2020-06-27,2
Chontales,2020-06-28,1
Chontales,2020-06-29,4
Chontales,2020-06-30,3
Chontales,2020-07-01,5
Chontales,2020-07-04,2
Chontales,2020-07-05,1
Chontales,2020-07-07,1
Chontales,2020-07-09,13
Chontales,2020-07-10,1
Chontales,2020-07-11,1
Chontales,2020-07-13,2
Chontales,2020-07-14,1
Chontales,2020-07-15,1
Chontales,2020-07-17,2
Chontales,2020-07-20,10
Chontales,2020-07-21,1
Chontales,2020-07-25,1
Chontales,2020-07-26,2
Chontales,2020-07-27,2
Chontales,2020-07-30,1
Chontales,2020-07-31,1
Chontales,2020-08-01,5
Chontales,2020-08-02,1
Chontales,2020-08-03,2
Chontales,2020-08-04,1
Chontales,2020-08-08,1
Chontales,2020-08-17,2
Chontales,2020-08-18,1
Chontales,2020-08-19,1
Chontales,2020-09-03,2
Chontales,2020-09-09,3
Chontales,2020-09-16,2
Chontales,2020-09-17,1
Chontales,2020-10-07,1
Chontales,2020-11-24,11
Chontales,2020-11-29,1
Chontales,2020-12-14,1
Chontales,2021-01-04,5
Chontales,2021-01-26,2
Chontales,2021-04-02,1
Chontales,2021-04-05,5
Chontales,2021-04-06,1
Chontales,2021-04-17,1
Chontales,2021-04-23,5
Chontales,2021-05-05,1
Chontales,2021-05-10,1
Chontales,2021-05-11,10
Chontales,2021-05-15,1
Chontales,2021-05-16,5
Chontales,2021-05-22,1
Chontales,2021-05-25,1
Chontales,2021-05-30,4
Chontales,2021-06-01,25
Chontales,2021-06-03,4
Chontales,2021-06-05,1
Chontales,2021-06-06,2
Chontales,2021-06-07,3
Chontales,2021-06-11,2
Chontales,2021-06-25,1
Chontales,2021-06-30,3
Chontales,2021-07-07,3
Chontales,2021-07-08,1
Chontales,2021-07-11,2
Chontales,2021-07-13,5
Chontales,2021-07-27,2
Chontales,2021-07-29,1
Chontales,2021-08-03,1
Chontales,2021-08-04,3
Chontales,2021-08-08,5
Chontales,2021-08-09,1
Chontales,2021-08-16,21
Chontales,2021-08-17,3
Chontales,2021-08-22,43
Chontales,2021-08-23,2
Chontales,2021-08-25,45
Chontales,2021-08-26,7
Chontales,2021-08-27,2
Chontales,2021-08-28,3
Chontales,2021-08-29,7
Chontales,2021-08-30,15
Chontales,2021-08-31,13
Chontales,2021-09-01,10
Chontales,2021-09-02,55
Chontales,2021-09-03,2
Chontales,2021-09-04,5
Chontales,2021-09-05,9
Chontales,2021-09-06,4
Chontales,2021-09-07,1
Esteli,2020-03-18,8
Esteli,2020-03-19,4
Esteli,2020-03-23,1
Esteli,2020-03-24,1
Esteli,2020-03-28,2
Esteli,2020-03-30,2
Esteli,2020-04-07,1
Esteli,2020-04-08,1
Esteli,2020-04-18,2
Esteli,2020-04-20,2
Esteli,2020-04-24,1
Esteli,2020-04-28,1
Esteli,2020-04-29,3
Esteli,2020-05-03,2
Esteli,2020-05-05,1
Esteli,2020-05-11,4
Esteli,2020-05-14,1
Esteli,2020-05-16,3
Esteli,2020-05-17,1
Esteli,2020-05-19,3
Esteli,2020-05-20,3
Esteli,2020-05-21,5
Esteli,2020-05-22,1
Esteli,2020-05-24,1
Esteli,2020-05-25,23
Esteli,2020-05-26,2
Esteli,2020-05-27,4
Esteli,2020-05-28,3
Esteli,2020-05-30,1
Esteli,2020-05-31,2
Esteli,2020-06-01,4
Esteli,2020-06-02,12
Esteli,2020-06-03,7
Esteli,2020-06-04,9
Esteli,2020-06-05,5
Esteli,2020-06-06,2
Esteli,2020-06-07,11
Esteli,2020-06-08,9
Esteli,2020-06-09,7
Esteli,2020-06-10,3
Esteli,2020-06-11,4
Esteli,2020-06-12,7
Esteli,2020-06-13,6
Esteli,2020-06-14,7
Esteli,2020-06-15,11
Esteli,2020-06-16,31
Esteli,2020-06-17,56
Esteli,2020-06-18,11
Esteli,2020-06-19,8
Esteli,2020-06-20,15
Esteli,2020-06-21,9
Esteli,2020-06-22,7
Esteli,2020-06-23,1
Esteli,2020-06-24,2
Esteli,2020-06-26,1
Esteli,2020-06-27,2
Esteli,2020-06-28,5
Esteli,2020-06-29,2
Esteli,2020-06-30,3
Esteli,2020-07-01,39
Esteli,2020-07-02,6
Esteli,2020-07-03,9
Esteli,2020-07-04,2
Esteli,2020-07-05,6
Esteli,2020-07-06,13
Esteli,2020-07-07,14
Esteli,2020-07-08,9
Esteli,2020-07-09,7
Esteli,2020-07-11,5
Esteli,2020-07-12,7
Esteli,2020-07-13,6
Esteli,2020-07-14,7
Esteli,2020-07-15,1
Esteli,2020-07-16,6
Esteli,2020-07-17,1
Esteli,2020-07-18,4
Esteli,2020-07-20,6
Esteli,2020-07-21,8
Esteli,2020-07-23,16
Esteli,2020-07-25,1
Esteli,2020-07-28,4
Esteli,2020-07-30,2
Esteli,2020-08-01,3
Esteli,2020-08-02,1
Esteli,2020-08-03,2
Esteli,2020-08-04,2
Esteli,2020-08-05,1
Esteli,2020-08-06,4
Esteli,2020-08-11,1
Esteli,2020-08-12,13
Esteli,2020-08-13,6
Esteli,2020-08-16,1
Esteli,2020-08-18,4
Esteli,2020-08-20,1
Esteli,2020-08-21,31
Esteli,2020-08-22,15
Esteli,2020-08-23,4
Esteli,2020-08-24,4
Esteli,2020-08-25,3
Esteli,2020-08-27,1
Esteli,2020-08-28,2
Esteli,2020-08-30,4
Esteli,2020-08-31,4
Esteli,2020-09-04,1
Esteli,2020-09-11,18
Esteli,2020-09-15,2
Esteli,2020-09-16,11
Esteli,2020-09-22,1
Esteli,2020-09-23,4
Esteli,2020-10-01,2
Esteli,2020-10-06,2
Esteli,2020-10-27,3
Esteli,2020-11-01,2
Esteli,2020-11-03,8
Esteli,2020-11-08,6
Esteli,2020-11-10,1
Esteli,2020-11-15,2
Esteli,2020-11-16,1
Esteli,2020-11-17,1
Esteli,2020-11-24,2
Esteli,2020-11-26,2
Esteli,2020-11-28,4
Esteli,2020-11-30,1
Esteli,2020-12-01,3
Esteli,2020-12-02,6
Esteli,2020-12-03,1
Esteli,2020-12-07,4
Esteli,2020-12-14,1
Esteli,2020-12-15,1
Esteli,2020-12-18,5
Esteli,2020-12-25,1
Esteli,2021-01-01,4
Esteli,2021-01-04,1
Esteli,2021-01-05,3
Esteli,2021-01-06,1
Esteli,2021-01-07,1
Esteli,2021-01-12,3
Esteli,2021-01-14,5
Esteli,2021-01-19,1
Esteli,2021-01-20,2
Esteli,2021-01-24,1
Esteli,2021-01-25,2
Esteli,2021-01-27,1
Esteli,2021-02-04,1
Esteli,2021-02-11,2
Esteli,2021-02-16,3
Esteli,2021-02-17,70
Esteli,2021-02-19,5
Esteli,2021-02-20,1
Esteli,2021-03-02,3
Esteli,2021-03-04,2
Esteli,2021-03-21,3
Esteli,2021-04-04,3
Esteli,2021-04-12,2
Esteli,2021-04-19,1
Esteli,2021-04-21,3
Esteli,2021-04-23,2
Esteli,2021-04-24,2
Esteli,2021-04-26,4
Esteli,2021-04-27,1
Esteli,2021-05-05,2
Esteli,2021-05-07,4
Esteli,2021-05-08,7
Esteli,2021-05-10,1
Esteli,2021-05-11,6
Esteli,2021-05-12,30
Esteli,2021-05-13,7
Esteli,2021-05-16,3
Esteli,2021-05-17,2
Esteli,2021-05-18,1
Esteli,2021-05-19,21
Esteli,2021-05-20,20
Esteli,2021-05-23,6
Esteli,2021-05-26,2
Esteli,2021-05-28,1
Esteli,2021-05-29,2
Esteli,2021-05-30,3
Esteli,2021-06-01,1
Esteli,2021-06-02,20
Esteli,2021-06-04,4
Esteli,2021-06-05,2
Esteli,2021-06-06,1
Esteli,2021-06-08,2
Esteli,2021-06-11,1
Esteli,2021-06-13,2
Esteli,2021-06-16,2
Esteli,2021-06-22,1
Esteli,2021-06-27,5
Esteli,2021-06-29,1
Esteli,2021-07-02,1
Esteli,2021-07-04,9
Esteli,2021-07-07,3
Esteli,2021-07-08,1
Esteli,2021-07-10,1
Esteli,2021-07-11,2
Esteli,2021-07-12,2
Esteli,2021-07-15,1
Esteli,2021-07-16,3
Esteli,2021-07-18,5
Esteli,2021-07-19,2
Esteli,2021-07-20,1
Esteli,2021-07-21,22
Esteli,2021-07-22,3
Esteli,2021-07-25,6
Esteli,2021-07-26,1
Esteli,2021-07-27,3
Esteli,2021-07-28,1
Esteli,2021-07-31,4
Esteli,2021-08-01,4
Esteli,2021-08-02,3
Esteli,2021-08-03,13
Esteli,2021-08-04,5
Esteli,2021-08-05,9
Esteli,2021-08-06,4
Esteli,2021-08-07,14
Esteli,2021-08-08,6
Esteli,2021-08-09,10
Esteli,2021-08-10,1
Esteli,2021-08-12,15
Esteli,2021-08-13,2
Esteli,2021-08-14,13
Esteli,2021-08-15,18
Esteli,2021-08-16,15
Esteli,2021-08-17,27
Esteli,2021-08-18,6
Esteli,2021-08-19,8
Esteli,2021-08-20,84
Esteli,2021-08-21,2
Esteli,2021-08-22,3
Esteli,2021-08-23,3
Esteli,2021-08-24,42
Esteli,2021-08-25,19
Esteli,2021-08-26,9
Esteli,2021-08-27,7
Esteli,2021-08-28,9
Esteli,2021-08-29,20
Esteli,2021-08-30,12
Esteli,2021-08-31,6
Esteli,2021-09-01,4
Esteli,2021-09-02,10
Esteli,2021-09-03,7
Esteli,2021-09-04,5
Esteli,2021-09-05,3
Esteli,2021-09-06,22
Esteli,2021-09-07,7
Granada,2020-03-18,2
Granada,2020-04-06,1
Granada,2020-04-17,5
Granada,2020-04-18,1
Granada,2020-04-19,1
Granada,2020-04-20,3
Granada,2020-04-23,1
Granada,2020-04-24,1
Granada,2020-05-01,6
Granada,2020-05-04,3
Granada,2020-05-05,3
Granada,2020-05-06,5
Granada,2020-05-07,6
Granada,2020-05-08,3
Granada,2020-05-09,2
Granada,2020-05-10,1
Granada,2020-05-11,6
Granada,2020-05-12,2
Granada,2020-05-13,3
Granada,2020-05-14,1
Granada,2020-05-15,2
Granada,2020-05-16,3
Granada,2020-05-17,3
Granada,2020-05-18,1
Granada,2020-05-19,1
Granada,2020-05-20,3
Granada,2020-05-22,3
Granada,2020-05-25,1
Granada,2020-05-26,26
Granada,2020-05-27,3
Granada,2020-05-28,4
Granada,2020-05-29,2
Granada,2020-05-30,1
Granada,2020-05-31,3
Granada,2020-06-01,2
Granada,2020-06-02,6
Granada,2020-06-03,29
Granada,2020-06-04,2
Granada,2020-06-05,3
Granada,2020-06-06,4
Granada,2020-06-07,2
Granada,2020-06-08,4
Granada,2020-06-10,1
Granada,2020-06-11,5
Granada,2020-06-13,1
Granada,2020-06-14,2
Granada,2020-06-15,3
Granada,2020-06-16,2
Granada,2020-06-18,2
Granada,2020-06-22,4
Granada,2020-06-25,1
Granada,2020-06-26,1
Granada,2020-06-28,4
Granada,2020-07-01,1
Granada,2020-07-02,2
Granada,2020-07-03,3
Granada,2020-07-05,13
Granada,2020-07-07,3
Granada,2020-07-09,2
Granada,2020-07-11,1
Granada,2020-07-12,1
Granada,2020-07-15,4
Granada,2020-07-16,2
Granada,2020-07-17,3
Granada,2020-07-19,3
Granada,2020-07-20,12
Granada,2020-07-23,5
Granada,2020-07-25,3
Granada,2020-07-28,1
Granada,2020-08-02,2
Granada,2020-08-04,1
Granada,2020-08-05,1
Granada,2020-08-08,2
Granada,2020-08-10,6
Granada,2020-08-12,2
Granada,2020-08-13,1
Granada,2020-08-17,1
Granada,2020-08-26,17
Granada,2020-09-02,1
Granada,2020-09-03,1
Granada,2020-09-05,4
Granada,2020-09-30,1
Granada,2020-10-01,1
Granada,2020-10-19,2
Granada,2020-11-04,1
Granada,2020-11-05,5
Granada,2020-11-14,1
Granada,2020-11-17,3
Granada,2020-11-29,1
Granada,2020-12-01,5
Granada,2020-12-15,15
Granada,2020-12-17,1
Granada,2020-12-24,1
Granada,2021-01-04,2
Granada,2021-01-10,1
Granada,2021-01-22,1
Granada,2021-04-04,11
Granada,2021-04-05,1
Granada,2021-04-18,1
Granada,2021-04-21,9
Granada,2021-04-24,1
Granada,2021-04-26,9
Granada,2021-04-28,3
Granada,2021-04-29,32
Granada,2021-05-11,1
Granada,2021-05-12,1
Granada,2021-05-26,17
Granada,2021-05-30,1
Granada,2021-06-10,2
Granada,2021-06-13,1
Granada,2021-06-15,1
Granada,2021-06-22,19
Granada,2021-06-30,1
Granada,2021-07-04,2
Granada,2021-07-07,2
Granada,2021-07-09,8
Granada,2021-07-14,2
Granada,2021-07-15,1
Granada,2021-07-20,1
Granada,2021-08-15,3
Granada,2021-08-19,1
Granada,2021-08-20,1
Granada,2021-08-25,2
Granada,2021-08-26,1
Granada,2021-08-27,1
Granada,2021-08-31,7
Granada,2021-09-02,1
Granada,2021-09-04,13
Granada,2021-09-05,1
Granada,2021-09-07,2
Jinotega,2020-03-26,1
Jinotega,2020-04-16,1
Jinotega,2020-05-02,2
Jinotega,2020-05-03,1
Jinotega,2020-05-06,2
Jinotega,2020-05-07,1
Jinotega,2020-05-08,4
Jinotega,2020-05-11,1
Jinotega,2020-05-12,1
Jinotega,2020-05-14,2
Jinotega,2020-05-15,1
Jinotega,2020-05-17,2
Jinotega,2020-05-19,1
Jinotega,2020-05-20,4
Jinotega,2020-05-23,5
Jinotega,2020-05-24,1
Jinotega,2020-05-26,1
Jinotega,2020-05-27,3
Jinotega,2020-05-29,2
Jinotega,2020-05-30,23
Jinotega,2020-05-31,8
Jinotega,2020-06-01,3
Jinotega,2020-06-02,14
Jinotega,2020-06-03,7
Jinotega,2020-06-04,8
Jinotega,2020-06-05,6
Jinotega,2020-06-06,1
Jinotega,2020-06-07,5
Jinotega,2020-06-08,9
Jinotega,2020-06-09,2
Jinotega,2020-06-10,2
Jinotega,2020-06-11,12
Jinotega,2020-06-12,5
Jinotega,2020-06-13,5
Jinotega,2020-06-14,4
Jinotega,2020-06-15,29
Jinotega,2020-06-16,17
Jinotega,2020-06-17,4
Jinotega,2020-06-18,3
Jinotega,2020-06-19,2
Jinotega,2020-06-20,2
Jinotega,2020-06-21,11
Jinotega,2020-06-22,9
Jinotega,2020-06-24,2
Jinotega,2020-06-25,1
Jinotega,2020-06-26,2
Jinotega,2020-06-27,1
Jinotega,2020-06-29,6
Jinotega,2020-06-30,4
Jinotega,2020-07-01,1
Jinotega,2020-07-03,2
Jinotega,2020-07-04,2
Jinotega,2020-07-05,3
Jinotega,2020-07-06,5
Jinotega,2020-07-07,2
Jinotega,2020-07-08,2
Jinotega,2020-07-09,5
Jinotega,2020-07-12,6
Jinotega,2020-07-14,5
Jinotega,2020-07-15,1
Jinotega,2020-07-16,3
Jinotega,2020-07-19,1
Jinotega,2020-07-25,1
Jinotega,2020-07-26,2
Jinotega,2020-07-29,2
Jinotega,2020-08-01,5
Jinotega,2020-08-02,1
Jinotega,2020-08-03,6
Jinotega,2020-08-04,2
Jinotega,2020-08-06,1
Jinotega,2020-08-11,3
Jinotega,2020-08-12,3
Jinotega,2020-08-13,12
Jinotega,2020-08-26,1
Jinotega,2020-09-01,2
Jinotega,2020-09-03,1
Jinotega,2020-09-07,1
Jinotega,2020-09-12,9
Jinotega,2020-09-16,11
Jinotega,2020-09-26,6
Jinotega,2020-09-27,4
Jinotega,2020-10-02,2
Jinotega,2020-10-03,1
Jinotega,2020-10-13,1
Jinotega,2020-11-14,4
Jinotega,2020-11-15,3
Jinotega,2020-11-16,4
Jinotega,2020-11-17,2
Jinotega,2020-11-30,1
Jinotega,2020-12-02,1
Jinotega,2020-12-10,9
Jinotega,2020-12-11,1
Jinotega,2020-12-14,1
Jinotega,2020-12-15,6
Jinotega,2021-01-04,1
Jinotega,2021-01-06,1
Jinotega,2021-01-12,20
Jinotega,2021-01-16,1
Jinotega,2021-01-20,6
Jinotega,2021-01-25,1
Jinotega,2021-02-01,4
Jinotega,2021-02-10,3
Jinotega,2021-02-24,8
Jinotega,2021-02-26,1
Jinotega,2021-02-28,1
Jinotega,2021-03-02,26
Jinotega,2021-03-10,1
Jinotega,2021-03-28,6
Jinotega,2021-04-01,13
Jinotega,2021-04-16,1
Jinotega,2021-04-17,1
Jinotega,2021-04-20,2
Jinotega,2021-04-21,2
Jinotega,2021-04-22,1
Jinotega,2021-04-23,3
Jinotega,2021-04-25,27
Jinotega,2021-04-26,6
Jinotega,2021-04-29,5
Jinotega,2021-04-30,6
Jinotega,2021-05-02,63
Jinotega,2021-05-03,51
Jinotega,2021-05-04,11
Jinotega,2021-05-07,3
Jinotega,2021-05-09,4
Jinotega,2021-05-11,127
Jinotega,2021-05-12,17
Jinotega,2021-05-13,17
Jinotega,2021-05-17,18
Jinotega,2021-05-18,26
Jinotega,2021-05-19,10
Jinotega,2021-05-20,6
Jinotega,2021-05-21,4
Jinotega,2021-05-22,8
Jinotega,2021-05-23,6
Jinotega,2021-05-24,13
Jinotega,2021-05-25,112
Jinotega,2021-05-27,1
Jinotega,2021-06-03,1
Jinotega,2021-06-07,3
Jinotega,2021-06-11,4
Jinotega,2021-06-14,18
Jinotega,2021-06-15,18
Jinotega,2021-06-22,19
Jinotega,2021-06-23,18
Jinotega,2021-06-24,18
Jinotega,2021-06-25,23
Jinotega,2021-06-26,18
Jinotega,2021-06-27,18
Jinotega,2021-06-29,11
Jinotega,2021-06-30,1
Jinotega,2021-07-01,1
Jinotega,2021-07-13,2
Jinotega,2021-07-19,2
Jinotega,2021-07-25,1
Jinotega,2021-08-01,1
Jinotega,2021-08-07,4
Jinotega,2021-08-08,4
Jinotega,2021-08-10,10
Jinotega,2021-08-12,1
Jinotega,2021-08-13,2
Jinotega,2021-08-16,4
Jinotega,2021-08-20,3
Jinotega,2021-08-21,2
Jinotega,2021-08-23,5
Jinotega,2021-08-26,1
Jinotega,2021-08-27,1
Jinotega,2021-08-28,2
Jinotega,2021-08-29,13
Jinotega,2021-08-30,3
Jinotega,2021-08-31,4
Jinotega,2021-09-01,2
Jinotega,2021-09-02,11
Jinotega,2021-09-03,8
Jinotega,2021-09-04,3
Jinotega,2021-09-05,1
Jinotega,2021-09-06,3
Jinotega,2021-09-07,2
Leon,2020-03-23,1
Leon,2020-03-25,1
Leon,2020-03-28,3
Leon,2020-03-29,2
Leon,2020-04-01,2
Leon,2020-04-05,4
Leon,2020-04-06,1
Leon,2020-04-08,1
Leon,2020-04-20,2
Leon,2020-04-21,1
Leon,2020-04-22,4
Leon,2020-04-23,1
Leon,2020-04-24,1
Leon,2020-05-01,4
Leon,2020-05-02,1
Leon,2020-05-03,1
Leon,2020-05-05,4
Leon,2020-05-06,2
Leon,2020-05-07,3
Leon,2020-05-09,3
Leon,2020-05-11,1
Leon,2020-05-12,3
Leon,2020-05-13,2
Leon,2020-05-14,1
Leon,2020-05-15,3
Leon,2020-05-16,7
Leon,2020-05-17,7
Leon,2020-05-18,6
Leon,2020-05-19,12
Leon,2020-05-20,14
Leon,2020-05-21,10
Leon,2020-05-22,7
Leon,2020-05-23,9
Leon,2020-05-24,9
Leon,2020-05-25,12
Leon,2020-05-26,39
Leon,2020-05-27,20
Leon,2020-05-28,10
Leon,2020-05-29,19
Leon,2020-05-30,9
Leon,2020-05-31,16
Leon,2020-06-01,2
Leon,2020-06-02,14
Leon,2020-06-03,14
Leon,2020-06-04,6
Leon,2020-06-05,12
Leon,2020-06-06,17
Leon,2020-06-07,10
Leon,2020-06-08,5
Leon,2020-06-09,10
Leon,2020-06-10,6
Leon,2020-06-11,6
Leon,2020-06-12,4
Leon,2020-06-13,2
Leon,2020-06-14,25
Leon,2020-06-15,15
Leon,2020-06-16,15
Leon,2020-06-17,6
Leon,2020-06-18,9
Leon,2020-06-19,7
Leon,2020-06-20,4
Leon,2020-06-21,2
Leon,2020-06-22,4
Leon,2020-06-23,5
Leon,2020-06-24,3
Leon,2020-06-25,12
Leon,2020-06-26,7
Leon,2020-06-27,18
Leon,2020-06-28,3
Leon,2020-06-29,5
Leon,2020-06-30,37
Leon,2020-07-01,3
Leon,2020-07-02,2
Leon,2020-07-03,3
Leon,2020-07-04,2
Leon,2020-07-05,3
Leon,2020-07-06,11
Leon,2020-07-07,21
Leon,2020-07-08,5
Leon,2020-07-11,1
Leon,2020-07-12,1
Leon,2020-07-15,4
Leon,2020-07-16,18
Leon,2020-07-18,3
Leon,2020-07-20,2
Leon,2020-07-21,2
Leon,2020-07-23,25
Leon,2020-07-24,2
Leon,2020-07-25,3
Leon,2020-07-26,3
Leon,2020-07-28,2
Leon,2020-07-29,4
Leon,2020-07-31,3
Leon,2020-08-01,1
Leon,2020-08-04,3
Leon,2020-08-07,1
Leon,2020-08-08,1
Leon,2020-08-10,4
Leon,2020-08-11,12
Leon,2020-08-12,4
Leon,2020-08-13,10
Leon,2020-08-16,1
Leon,2020-08-17,6
Leon,2020-08-20,4
Leon,2020-08-21,5
Leon,2020-08-22,2
Leon,2020-08-23,1
Leon,2020-08-25,1
Leon,2020-08-27,2
Leon,2020-08-29,1
Leon,2020-08-30,1
Leon,2020-08-31,3
Leon,2020-09-01,11
Leon,2020-09-02,8
Leon,2020-09-03,3
Leon,2020-09-04,1
Leon,2020-09-05,1
Leon,2020-09-08,2
Leon,2020-09-09,2
Leon,2020-09-12,1
Leon,2020-09-15,3
Leon,2020-09-16,6
Leon,2020-09-18,1
Leon,2020-09-19,1
Leon,2020-09-24,5
Leon,2020-09-29,1
Leon,2020-10-02,4
Leon,2020-10-06,1
Leon,2020-10-07,3
Leon,2020-10-10,2
Leon,2020-10-13,1
Leon,2020-10-18,1
Leon,2020-10-27,8
Leon,2020-10-28,11
Leon,2020-11-01,5
Leon,2020-11-04,1
Leon,2020-11-08,1
Leon,2020-11-09,2
Leon,2020-11-16,2
Leon,2020-11-22,1
Leon,2020-11-24,1
Leon,2020-12-01,2
Leon,2020-12-02,3
Leon,2020-12-03,16
Leon,2020-12-04,1
Leon,2020-12-06,1
Leon,2020-12-08,2
Leon,2020-12-09,7
Leon,2020-12-10,1
Leon,2020-12-12,1
Leon,2020-12-14,20
Leon,2020-12-15,11
Leon,2020-12-16,6
Leon,2020-12-18,3
Leon,2020-12-20,1
Leon,2020-12-25,1
Leon,2020-12-29,7
Leon,2020-12-30,1
Leon,2020-12-31,1
Leon,2021-01-01,4
Leon,2021-01-02,3
Leon,2021-01-03,4
Leon,2021-01-06,29
Leon,2021-01-07,8
Leon,2021-01-08,1
Leon,2021-01-10,2
Leon,2021-01-11,1
Leon,2021-01-12,1
Leon,2021-01-14,15
Leon,2021-01-16,3
Leon,2021-01-18,1
Leon,2021-01-19,1
Leon,2021-01-21,12
Leon,2021-01-22,1
Leon,2021-01-23,2
Leon,2021-01-24,2
Leon,2021-01-26,7
Leon,2021-01-27,2
Leon,2021-01-28,3
Leon,2021-01-31,2
Leon,2021-02-03,2
Leon,2021-02-07,1
Leon,2021-02-10,1
Leon,2021-02-14,3
Leon,2021-02-18,4
Leon,2021-02-24,1
Leon,2021-02-28,1
Leon,2021-03-03,9
Leon,2021-03-06,2
Leon,2021-03-07,2
Leon,2021-03-09,1
Leon,2021-03-10,1
Leon,2021-03-12,9
Leon,2021-03-14,3
Leon,2021-03-16,1
Leon,2021-03-18,6
Leon,2021-03-21,1
Leon,2021-03-23,5
Leon,2021-03-25,7
Leon,2021-03-26,7
Leon,2021-03-30,1
Leon,2021-03-31,1
Leon,2021-04-04,4
Leon,2021-04-09,9
Leon,2021-04-10,1
Leon,2021-04-11,4
Leon,2021-04-18,3
Leon,2021-04-21,8
Leon,2021-04-24,5
Leon,2021-04-25,1
Leon,2021-04-26,1
Leon,2021-04-27,2
Leon,2021-05-03,8
Leon,2021-05-04,3
Leon,2021-05-05,7
Leon,2021-05-10,2
Leon,2021-05-11,1
Leon,2021-05-12,3
Leon,2021-05-13,10
Leon,2021-05-14,1
Leon,2021-05-17,6
Leon,2021-05-18,3
Leon,2021-05-19,8
Leon,2021-05-20,5
Leon,2021-05-21,5
Leon,2021-05-23,7
Leon,2021-05-24,18
Leon,2021-05-25,9
Leon,2021-05-26,86
Leon,2021-05-31,38
Leon,2021-06-01,73
Leon,2021-06-02,65
Leon,2021-06-03,1
Leon,2021-06-04,7
Leon,2021-06-05,2
Leon,2021-06-06,2
Leon,2021-06-07,4
Leon,2021-06-08,2
Leon,2021-06-09,1
Leon,2021-06-15,1
Leon,2021-06-16,4
Leon,2021-06-18,1
Leon,2021-06-20,1
Leon,2021-06-22,5
Leon,2021-06-24,2
Leon,2021-06-26,2
Leon,2021-06-28,1
Leon,2021-06-29,2
Leon,2021-07-01,1
Leon,2021-07-02,4
Leon,2021-07-03,1
Leon,2021-07-04,1
Leon,2021-07-07,2
Leon,2021-07-09,4
Leon,2021-07-11,5
Leon,2021-07-12,3
Leon,2021-07-13,2
Leon,2021-07-16,3
Leon,2021-07-17,2
Leon,2021-07-21,1
Leon,2021-07-22,2
Leon,2021-07-23,2
Leon,2021-07-24,4
Leon,2021-07-26,2
Leon,2021-07-27,3
Leon,2021-07-29,1
Leon,2021-07-31,3
Leon,2021-08-01,7
Leon,2021-08-03,1
Leon,2021-08-04,2
Leon,2021-08-05,8
Leon,2021-08-08,2
Leon,2021-08-09,2
Leon,2021-08-10,3
Leon,2021-08-11,2
Leon,2021-08-12,10
Leon,2021-08-13,1
Leon,2021-08-15,1
Leon,2021-08-16,3
Leon,2021-08-17,7
Leon,2021-08-19,3
Leon,2021-08-20,6
Leon,2021-08-21,1
Leon,2021-08-22,9
Leon,2021-08-23,3
Leon,2021-08-24,13
Leon,2021-08-26,2
Leon,2021-08-27,7
Leon,2021-08-28,8
Leon,2021-08-29,13
Leon,2021-08-30,17
Leon,2021-08-31,14
Leon,2021-09-01,8
Leon,2021-09-02,18
Leon,2021-09-03,1
Leon,2021-09-04,8
Leon,2021-09-05,30
Leon,2021-09-06,26
Leon,2021-09-07,15
Madriz,2020-03-18,1
Madriz,2020-03-20,1
Madriz,2020-04-01,2
Madriz,2020-04-02,3
Madriz,2020-04-03,4
Madriz,2020-04-12,1
Madriz,2020-04-13,2
Madriz,2020-04-27,1
Madriz,2020-05-01,1
Madriz,2020-05-03,3
Madriz,2020-05-08,1
Madriz,2020-05-15,1
Madriz,2020-05-17,2
Madriz,2020-05-20,4
Madriz,2020-05-24,2
Madriz,2020-05-26,6
Madriz,2020-05-31,22
Madriz,2020-06-02,5
Madriz,2020-06-03,6
Madriz,2020-06-04,12
Madriz,2020-06-05,4
Madriz,2020-06-06,3
Madriz,2020-06-07,4
Madriz,2020-06-08,9
Madriz,2020-06-09,2
Madriz,2020-06-10,4
Madriz,2020-06-11,12
Madriz,2020-06-13,6
Madriz,2020-06-14,4
Madriz,2020-06-15,17
Madriz,2020-06-16,2
Madriz,2020-06-18,9
Madriz,2020-06-19,11
Madriz,2020-06-20,1
Madriz,2020-06-21,1
Madriz,2020-06-22,15
Madriz,2020-06-23,1
Madriz,2020-06-25,11
Madriz,2020-06-26,4
Madriz,2020-06-27,10
Madriz,2020-06-28,3
Madriz,2020-06-30,1
Madriz,2020-07-01,4
Madriz,2020-07-02,15
Madriz,2020-07-03,1
Madriz,2020-07-04,4
Madriz,2020-07-05,3
Madriz,2020-07-06,2
Madriz,2020-07-07,2
Madriz,2020-07-08,5
Madriz,2020-07-09,3
Madriz,2020-07-10,5
Madriz,2020-07-12,5
Madriz,2020-07-13,2
Madriz,2020-07-15,8
Madriz,2020-07-16,2
Madriz,2020-07-17,3
Madriz,2020-07-18,1
Madriz,2020-07-19,1
Madriz,2020-07-20,2
Madriz,2020-07-22,2
Madriz,2020-07-23,4
Madriz,2020-07-24,7
Madriz,2020-07-25,8
Madriz,2020-07-27,4
Madriz,2020-07-28,2
Madriz,2020-07-29,13
Madriz,2020-07-31,2
Madriz,2020-08-01,8
Madriz,2020-08-02,4
Madriz,2020-08-04,12
Madriz,2020-08-05,10
Madriz,2020-08-06,4
Madriz,2020-08-07,5
Madriz,2020-08-08,3
Madriz,2020-08-09,12
Madriz,2020-08-10,4
Madriz,2020-08-11,3
Madriz,2020-08-13,6
Madriz,2020-08-14,4
Madriz,2020-08-18,8
Madriz,2020-08-19,5
Madriz,2020-08-20,15
Madriz,2020-08-21,2
Madriz,2020-08-22,8
Madriz,2020-08-24,3
Madriz,2020-08-27,1
Madriz,2020-08-30,19
Madriz,2020-08-31,1
Madriz,2020-09-03,6
Madriz,2020-09-04,2
Madriz,2020-09-05,2
Madriz,2020-09-07,1
Madriz,2020-09-08,2
Madriz,2020-09-09,1
Madriz,2020-09-10,1
Madriz,2020-09-15,3
Madriz,2020-09-16,1
Madriz,2020-09-17,2
Madriz,2020-09-24,5
Madriz,2020-09-29,7
Madriz,2020-10-02,3
Madriz,2020-10-09,1
Madriz,2020-10-10,17
Madriz,2020-10-15,2
Madriz,2020-10-19,5
Madriz,2020-10-27,8
Madriz,2020-10-28,3
Madriz,2020-10-30,1
Madriz,2020-11-02,1
Madriz,2020-11-07,5
Madriz,2020-11-09,2
Madriz,2020-11-10,6
Madriz,2020-11-17,1
Madriz,2020-11-21,3
Madriz,2020-11-24,1
Madriz,2020-11-29,2
Madriz,2020-11-30,14
Madriz,2020-12-02,1
Madriz,2020-12-07,4
Madriz,2020-12-08,1
Madriz,2020-12-10,1
Madriz,2020-12-13,2
Madriz,2020-12-16,1
Madriz,2020-12-23,7
Madriz,2020-12-31,2
Madriz,2021-01-01,1
Madriz,2021-01-03,2
Madriz,2021-01-04,2
Madriz,2021-01-05,5
Madriz,2021-01-06,12
Madriz,2021-01-10,5
Madriz,2021-01-11,1
Madriz,2021-01-14,1
Madriz,2021-01-19,3
Madriz,2021-01-21,1
Madriz,2021-01-26,1
Madriz,2021-02-04,2
Madriz,2021-02-05,4
Madriz,2021-02-10,1
Madriz,2021-02-14,1
Madriz,2021-03-04,2
Madriz,2021-04-11,1
Madriz,2021-04-21,5
Madriz,2021-04-22,1
Madriz,2021-04-24,6
Madriz,2021-04-25,1
Madriz,2021-04-30,3
Madriz,2021-05-04,1
Madriz,2021-05-07,9
Madriz,2021-05-22,1
Madriz,2021-05-23,7
Madriz,2021-05-26,2
Madriz,2021-05-27,4
Madriz,2021-06-03,5
Madriz,2021-06-09,8
Madriz,2021-06-10,5
Madriz,2021-06-11,56
Madriz,2021-06-28,4
Madriz,2021-06-29,5
Madriz,2021-06-30,6
Madriz,2021-07-01,1
Madriz,2021-07-03,1
Madriz,2021-07-04,5
Madriz,2021-07-06,37
Madriz,2021-07-07,1
Madriz,2021-07-10,4
Madriz,2021-07-12,1
Madriz,2021-07-14,1
Madriz,2021-07-15,10
Madriz,2021-07-16,5
Madriz,2021-07-17,4
Madriz,2021-07-27,30
Madriz,2021-07-28,7
Madriz,2021-07-30,6
Madriz,2021-08-03,15
Madriz,2021-08-04,24
Madriz,2021-08-05,7
Madriz,2021-08-06,15
Madriz,2021-08-07,1
Madriz,2021-08-08,1
Madriz,2021-08-09,16
Madriz,2021-08-10,15
Madriz,2021-08-11,39
Madriz,2021-08-12,5
Madriz,2021-08-14,43
Madriz,2021-08-15,19
Madriz,2021-08-16,75
Madriz,2021-08-18,26
Madriz,2021-08-19,15
Madriz,2021-08-21,3
Madriz,2021-08-22,30
Madriz,2021-08-23,36
Madriz,2021-08-25,15
Madriz,2021-08-26,25
Madriz,2021-08-28,49
Madriz,2021-08-29,1
Madriz,2021-08-30,98
Madriz,2021-08-31,26
Madriz,2021-09-01,90
Madriz,2021-09-02,149
Madriz,2021-09-04,56
Madriz,2021-09-05,70
Madriz,2021-09-06,47
Madriz,2021-09-07,45
Managua,2020-03-18,2
Managua,2020-03-19,11
Managua,2020-03-20,6
Managua,2020-03-22,7
Managua,2020-03-23,7
Managua,2020-03-24,1
Managua,2020-03-25,1
Managua,2020-03-27,2
Managua,2020-03-28,1
Managua,2020-03-29,2
Managua,2020-03-30,5
Managua,2020-03-31,9
Managua,2020-04-01,15
Managua,2020-04-02,1
Managua,2020-04-03,5
Managua,2020-04-05,2
Managua,2020-04-06,2
Managua,2020-04-07,1
Managua,2020-04-08,4
Managua,2020-04-09,2
Managua,2020-04-11,1
Managua,2020-04-12,1
Managua,2020-04-13,5
Managua,2020-04-14,2
Managua,2020-04-15,6
Managua,2020-04-17,1
Managua,2020-04-19,5
Managua,2020-04-20,2
Managua,2020-04-21,2
Managua,2020-04-22,7
Managua,2020-04-23,4
Managua,2020-04-24,15
Managua,2020-04-25,6
Managua,2020-04-26,7
Managua,2020-04-27,15
Managua,2020-04-28,8
Managua,2020-04-29,6
Managua,2020-04-30,8
Managua,2020-05-01,29
Managua,2020-05-02,86
Managua,2020-05-03,44
Managua,2020-05-04,29
Managua,2020-05-05,20
Managua,2020-05-06,41
Managua,2020-05-07,42
Managua,2020-05-08,76
Managua,2020-05-09,17
Managua,2020-05-10,71
Managua,2020-05-11,43
Managua,2020-05-12,57
Managua,2020-05-13,70
Managua,2020-05-14,46
Managua,2020-05-15,61
Managua,2020-05-16,57
Managua,2020-05-17,123
Managua,2020-05-18,57
Managua,2020-05-19,68
Managua,2020-05-20,48
Managua,2020-05-21,129
Managua,2020-05-22,36
Managua,2020-05-23,36
Managua,2020-05-24,96
Managua,2020-05-25,58
Managua,2020-05-26,103
Managua,2020-05-27,81
Managua,2020-05-28,47
Managua,2020-05-29,83
Managua,2020-05-30,46
Managua,2020-05-31,86
Managua,2020-06-01,61
Managua,2020-06-02,51
Managua,2020-06-03,64
Managua,2020-06-04,87
Managua,2020-06-05,20
Managua,2020-06-06,60
Managua,2020-06-07,88
Managua,2020-06-08,15
Managua,2020-06-09,27
Managua,2020-06-10,34
Managua,2020-06-11,46
Managua,2020-06-12,16
Managua,2020-06-13,59
Managua,2020-06-14,59
Managua,2020-06-15,44
Managua,2020-06-16,35
Managua,2020-06-17,38
Managua,2020-06-18,67
Managua,2020-06-19,36
Managua,2020-06-20,36
Managua,2020-06-21,49
Managua,2020-06-22,49
Managua,2020-06-23,35
Managua,2020-06-24,17
Managua,2020-06-25,61
Managua,2020-06-26,18
Managua,2020-06-27,18
Managua,2020-06-28,51
Managua,2020-06-29,29
Managua,2020-06-30,25
Managua,2020-07-01,28
Managua,2020-07-02,8
Managua,2020-07-03,3
Managua,2020-07-04,9
Managua,2020-07-05,33
Managua,2020-07-06,31
Managua,2020-07-07,15
Managua,2020-07-08,25
Managua,2020-07-09,9
Managua,2020-07-10,3
Managua,2020-07-11,1
Managua,2020-07-12,10
Managua,2020-07-13,7
Managua,2020-07-14,14
Managua,2020-07-15,4
Managua,2020-07-16,3
Managua,2020-07-17,4
Managua,2020-07-18,18
Managua,2020-07-19,7
Managua,2020-07-20,4
Managua,2020-07-21,6
Managua,2020-07-22,4
Managua,2020-07-23,12
Managua,2020-07-24,2
Managua,2020-07-25,3
Managua,2020-07-26,1
Managua,2020-07-27,7
Managua,2020-07-28,3
Managua,2020-07-29,1
Managua,2020-07-30,6
Managua,2020-07-31,15
Managua,2020-08-01,12
Managua,2020-08-02,4
Managua,2020-08-03,18
Managua,2020-08-04,11
Managua,2020-08-05,1
Managua,2020-08-06,8
Managua,2020-08-07,2
Managua,2020-08-08,4
Managua,2020-08-09,1
Managua,2020-08-10,6
Managua,2020-08-11,4
Managua,2020-08-12,4
Managua,2020-08-13,3
Managua,2020-08-14,1
Managua,2020-08-16,4
Managua,2020-08-17,4
Managua,2020-08-19,7
Managua,2020-08-22,1
Managua,2020-08-24,2
Managua,2020-08-25,2
Managua,2020-08-26,6
Managua,2020-08-30,1
Managua,2020-08-31,3
Managua,2020-09-01,10
Managua,2020-09-02,1
Managua,2020-09-03,3
Managua,2020-09-05,3
Managua,2020-09-07,2
Managua,2020-09-08,3
Managua,2020-09-09,2
Managua,2020-09-14,7
Managua,2020-09-15,9
Managua,2020-09-16,3
Managua,2020-09-18,1
Managua,2020-09-19,1
Managua,2020-09-21,5
Managua,2020-09-22,13
Managua,2020-09-23,1
Managua,2020-09-24,3
Managua,2020-09-26,1
Managua,2020-09-28,40
Managua,2020-09-29,1
Managua,2020-09-30,6
Managua,2020-10-01,8
Managua,2020-10-02,22
Managua,2020-10-03,11
Managua,2020-10-06,38
Managua,2020-10-07,82
Managua,2020-10-09,1
Managua,2020-10-10,17
Managua,2020-10-11,2
Managua,2020-10-13,9
Managua,2020-10-19,2
Managua,2020-10-20,28
Managua,2020-10-22,1
Managua,2020-10-26,2
Managua,2020-10-27,10
Managua,2020-10-28,3
Managua,2020-10-29,1
Managua,2020-11-03,2
Managua,2020-11-04,12
Managua,2020-11-05,3
Managua,2020-11-07,2
Managua,2020-11-08,13
Managua,2020-11-09,12
Managua,2020-11-10,19
Managua,2020-11-11,10
Managua,2020-11-12,10
Managua,2020-11-14,16
Managua,2020-11-15,19
Managua,2020-11-16,13
Managua,2020-11-17,25
Managua,2020-11-18,1
Managua,2020-11-20,1
Managua,2020-11-22,5
Managua,2020-11-23,4
Managua,2020-11-24,53
Managua,2020-11-25,1
Managua,2020-11-26,4
Managua,2020-11-27,3
Managua,2020-11-30,4
Managua,2020-12-01,9
Managua,2020-12-02,19
Managua,2020-12-03,3
Managua,2020-12-04,1
Managua,2020-12-08,8
Managua,2020-12-09,2
Managua,2020-12-10,24
Managua,2020-12-11,8
Managua,2020-12-14,3
Managua,2020-12-15,30
Managua,2020-12-16,1
Managua,2020-12-17,16
Managua,2020-12-18,10
Managua,2020-12-19,1
Managua,2020-12-20,12
Managua,2020-12-21,19
Managua,2020-12-22,3
Managua,2020-12-23,1
Managua,2020-12-24,7
Managua,2020-12-26,6
Managua,2020-12-27,4
Managua,2020-12-29,23
Managua,2020-12-30,1
Managua,2021-01-03,10
Managua,2021-01-04,27
Managua,2021-01-05,3
Managua,2021-01-06,32
Managua,2021-01-07,40
Managua,2021-01-08,6
Managua,2021-01-09,5
Managua,2021-01-11,3
Managua,2021-01-12,45
Managua,2021-01-13,9
Managua,2021-01-14,20
Managua,2021-01-15,2
Managua,2021-01-16,5
Managua,2021-01-17,9
Managua,2021-01-18,3
Managua,2021-01-19,4
Managua,2021-01-20,45
Managua,2021-01-21,5
Managua,2021-01-22,10
Managua,2021-01-23,2
Managua,2021-01-24,2
Managua,2021-01-25,1
Managua,2021-01-26,4
Managua,2021-01-27,1
Managua,2021-01-28,2
Managua,2021-01-31,12
Managua,2021-02-03,1
Managua,2021-02-04,1
Managua,2021-02-09,12
Managua,2021-02-10,2
Managua,2021-02-11,2
Managua,2021-02-12,1
Managua,2021-02-15,3
Managua,2021-02-17,2
Managua,2021-02-18,3
Managua,2021-02-19,50
Managua,2021-02-21,1
Managua,2021-02-22,6
Managua,2021-02-23,3
Managua,2021-02-24,2
Managua,2021-02-28,2
Managua,2021-03-03,3
Managua,2021-03-04,2
Managua,2021-03-07,1
Managua,2021-03-08,1
Managua,2021-03-10,2
Managua,2021-03-14,3
Managua,2021-03-18,2
Managua,2021-03-20,3
Managua,2021-03-21,4
Managua,2021-03-24,6
Managua,2021-03-25,5
Managua,2021-03-26,4
Managua,2021-03-27,1
Managua,2021-03-28,1
Managua,2021-03-31,3
Managua,2021-04-01,10
Managua,2021-04-02,1
Managua,2021-04-03,2
Managua,2021-04-04,10
Managua,2021-04-05,5
Managua,2021-04-06,1
Managua,2021-04-07,2
Managua,2021-04-08,3
Managua,2021-04-09,3
Managua,2021-04-10,12
Managua,2021-04-11,6
Managua,2021-04-12,61
Managua,2021-04-13,6
Managua,2021-04-14,10
Managua,2021-04-15,4
Managua,2021-04-16,5
Managua,2021-04-17,4
Managua,2021-04-18,5
Managua,2021-04-19,3
Managua,2021-04-20,24
Managua,2021-04-21,6
Managua,2021-04-22,6
Managua,2021-04-23,49
Managua,2021-04-24,12
Managua,2021-04-25,66
Managua,2021-04-26,119
Managua,2021-04-27,40
Managua,2021-04-28,209
Managua,2021-04-29,48
Managua,2021-04-30,27
Managua,2021-05-01,29
Managua,2021-05-02,70
Managua,2021-05-03,16
Managua,2021-05-04,29
Managua,2021-05-05,4
Managua,2021-05-06,18
Managua,2021-05-07,5
Managua,2021-05-08,9
Managua,2021-05-09,1
Managua,2021-05-10,7
Managua,2021-05-11,7
Managua,2021-05-12,30
Managua,2021-05-13,2
Managua,2021-05-14,9
Managua,2021-05-15,13
Managua,2021-05-16,8
Managua,2021-05-17,22
Managua,2021-05-18,13
Managua,2021-05-19,7
Managua,2021-05-20,16
Managua,2021-05-21,7
Managua,2021-05-22,11
Managua,2021-05-23,12
Managua,2021-05-24,19
Managua,2021-05-25,15
Managua,2021-05-26,19
Managua,2021-05-27,6
Managua,2021-05-29,1
Managua,2021-05-30,57
Managua,2021-05-31,29
Managua,2021-06-01,18
Managua,2021-06-02,79
Managua,2021-06-03,8
Managua,2021-06-04,2
Managua,2021-06-05,3
Managua,2021-06-06,61
Managua,2021-06-07,11
Managua,2021-06-08,2
Managua,2021-06-09,10
Managua,2021-06-10,18
Managua,2021-06-11,5
Managua,2021-06-12,3
Managua,2021-06-13,16
Managua,2021-06-14,24
Managua,2021-06-15,31
Managua,2021-06-16,26
Managua,2021-06-17,25
Managua,2021-06-18,30
Managua,2021-06-19,26
Managua,2021-06-20,31
Managua,2021-06-21,36
Managua,2021-06-22,50
Managua,2021-06-23,53
Managua,2021-06-24,52
Managua,2021-06-25,66
Managua,2021-06-26,24
Managua,2021-06-27,37
Managua,2021-06-28,37
Managua,2021-06-29,40
Managua,2021-06-30,16
Managua,2021-07-01,7
Managua,2021-07-02,8
Managua,2021-07-03,2
Managua,2021-07-04,9
Managua,2021-07-05,7
Managua,2021-07-06,14
Managua,2021-07-07,28
Managua,2021-07-08,6
Managua,2021-07-09,28
Managua,2021-07-10,18
Managua,2021-07-11,12
Managua,2021-07-12,26
Managua,2021-07-13,12
Managua,2021-07-14,21
Managua,2021-07-15,10
Managua,2021-07-16,23
Managua,2021-07-17,1
Managua,2021-07-18,27
Managua,2021-07-19,10
Managua,2021-07-20,1
Managua,2021-07-21,7
Managua,2021-07-22,21
Managua,2021-07-23,14
Managua,2021-07-24,10
Managua,2021-07-25,13
Managua,2021-07-26,75
Managua,2021-07-27,8
Managua,2021-07-28,5
Managua,2021-07-29,17
Managua,2021-07-30,4
Managua,2021-07-31,3
Managua,2021-08-01,35
Managua,2021-08-02,8
Managua,2021-08-03,17
Managua,2021-08-04,8
Managua,2021-08-05,13
Managua,2021-08-06,4
Managua,2021-08-07,8
Managua,2021-08-08,9
Managua,2021-08-09,24
Managua,2021-08-10,13
Managua,2021-08-11,10
Managua,2021-08-12,17
Managua,2021-08-13,8
Managua,2021-08-14,18
Managua,2021-08-15,20
Managua,2021-08-16,54
Managua,2021-08-17,32
Managua,2021-08-18,14
Managua,2021-08-19,91
Managua,2021-08-20,28
Managua,2021-08-21,7
Managua,2021-08-22,56
Managua,2021-08-23,9
Managua,2021-08-24,39
Managua,2021-08-25,24
Managua,2021-08-26,35
Managua,2021-08-27,19
Managua,2021-08-28,25
Managua,2021-08-29,57
Managua,2021-08-30,41
Managua,2021-08-31,77
Managua,2021-09-01,115
Managua,2021-09-02,36
Managua,2021-09-03,18
Managua,2021-09-04,33
Managua,2021-09-05,98
Managua,2021-09-06,89
Managua,2021-09-07,130
Masaya,2020-03-18,1
Masaya,2020-03-20,2
Masaya,2020-03-23,1
Masaya,2020-03-24,2
Masaya,2020-04-02,1
Masaya,2020-04-06,1
Masaya,2020-04-10,2
Masaya,2020-04-12,12
Masaya,2020-04-18,1
Masaya,2020-04-19,1
Masaya,2020-04-28,3
Masaya,2020-04-29,1
Masaya,2020-04-30,2
Masaya,2020-05-01,1
Masaya,2020-05-02,19
Masaya,2020-05-03,6
Masaya,2020-05-04,3
Masaya,2020-05-05,3
Masaya,2020-05-06,7
Masaya,2020-05-07,4
Masaya,2020-05-08,3
Masaya,2020-05-09,5
Masaya,2020-05-10,7
Masaya,2020-05-11,10
Masaya,2020-05-12,6
Masaya,2020-05-13,45
Masaya,2020-05-14,31
Masaya,2020-05-15,18
Masaya,2020-05-16,5
Masaya,2020-05-17,15
Masaya,2020-05-18,19
Masaya,2020-05-19,22
Masaya,2020-05-20,17
Masaya,2020-05-21,16
Masaya,2020-05-22,8
Masaya,2020-05-23,12
Masaya,2020-05-24,16
Masaya,2020-05-25,4
Masaya,2020-05-26,10
Masaya,2020-05-27,5
Masaya,2020-05-28,12
Masaya,2020-05-29,8
Masaya,2020-05-30,14
Masaya,2020-05-31,12
Masaya,2020-06-01,13
Masaya,2020-06-02,10
Masaya,2020-06-03,13
Masaya,2020-06-04,3
Masaya,2020-06-05,3
Masaya,2020-06-06,1
Masaya,2020-06-07,13
Masaya,2020-06-08,11
Masaya,2020-06-09,2
Masaya,2020-06-10,13
Masaya,2020-06-11,11
Masaya,2020-06-12,9
Masaya,2020-06-13,7
Masaya,2020-06-14,16
Masaya,2020-06-15,12
Masaya,2020-06-16,3
Masaya,2020-06-17,2
Masaya,2020-06-18,2
Masaya,2020-06-20,6
Masaya,2020-06-21,6
Masaya,2020-06-22,2
Masaya,2020-06-23,1
Masaya,2020-06-24,7
Masaya,2020-06-25,1
Masaya,2020-06-26,3
Masaya,2020-06-27,7
Masaya,2020-06-28,3
Masaya,2020-06-29,7
Masaya,2020-06-30,1
Masaya,2020-07-01,5
Masaya,2020-07-02,3
Masaya,2020-07-03,1
Masaya,2020-07-04,1
Masaya,2020-07-05,2
Masaya,2020-07-08,3
Masaya,2020-07-09,1
Masaya,2020-07-10,2
Masaya,2020-07-11,1
Masaya,2020-07-13,4
Masaya,2020-07-14,5
Masaya,2020-07-15,4
Masaya,2020-07-16,2
Masaya,2020-07-17,1
Masaya,2020-07-20,1
Masaya,2020-07-23,8
Masaya,2020-07-24,2
Masaya,2020-07-29,7
Masaya,2020-08-02,1
Masaya,2020-08-03,1
Masaya,2020-08-04,2
Masaya,2020-08-05,1
Masaya,2020-08-06,1
Masaya,2020-08-09,2
Masaya,2020-08-11,1
Masaya,2020-08-12,2
Masaya,2020-08-14,1
Masaya,2020-08-15,1
Masaya,2020-09-22,3
Masaya,2020-09-25,1
Masaya,2020-10-03,2
Masaya,2020-10-06,1
Masaya,2020-11-23,3
Masaya,2020-11-24,1
Masaya,2020-12-11,1
Masaya,2020-12-15,55
Masaya,2020-12-16,1
Masaya,2020-12-17,18
Masaya,2020-12-18,1
Masaya,2020-12-20,3
Masaya,2020-12-21,1
Masaya,2020-12-29,1
Masaya,2021-02-06,4
Masaya,2021-02-16,4
Masaya,2021-02-17,1
Masaya,2021-02-26,1
Masaya,2021-04-11,5
Masaya,2021-04-23,4
Masaya,2021-04-25,3
Masaya,2021-04-26,18
Masaya,2021-04-28,1
Masaya,2021-04-29,1
Masaya,2021-05-02,4
Masaya,2021-05-03,31
Masaya,2021-05-04,4
Masaya,2021-05-05,2
Masaya,2021-05-07,2
Masaya,2021-05-19,27
Masaya,2021-05-20,26
Masaya,2021-05-22,18
Masaya,2021-05-25,6
Masaya,2021-06-03,10
Masaya,2021-06-04,6
Masaya,2021-06-07,2
Masaya,2021-06-10,8
Masaya,2021-06-11,7
Masaya,2021-06-13,1
Masaya,2021-06-17,2
Masaya,2021-06-18,1
Masaya,2021-06-22,1
Masaya,2021-06-23,2
Masaya,2021-06-25,1
Masaya,2021-06-27,1
Masaya,2021-06-29,4
Masaya,2021-07-01,6
Masaya,2021-07-03,3
Masaya,2021-07-04,2
Masaya,2021-07-05,1
Masaya,2021-07-06,3
Masaya,2021-07-07,6
Masaya,2021-07-10,1
Masaya,2021-07-11,2
Masaya,2021-07-12,3
Masaya,2021-07-13,1
Masaya,2021-07-16,2
Masaya,2021-07-17,1
Masaya,2021-07-18,2
Masaya,2021-07-19,1
Masaya,2021-07-20,2
Masaya,2021-07-21,1
Masaya,2021-07-22,1
Masaya,2021-07-23,3
Masaya,2021-07-24,5
Masaya,2021-07-25,2
Masaya,2021-07-26,1
Masaya,2021-07-28,2
Masaya,2021-07-29,1
Masaya,2021-07-30,2
Masaya,2021-07-31,2
Masaya,2021-08-03,7
Masaya,2021-08-04,6
Masaya,2021-08-05,3
Masaya,2021-08-07,3
Masaya,2021-08-10,1
Masaya,2021-08-11,2
Masaya,2021-08-12,1
Masaya,2021-08-15,11
Masaya,2021-08-17,2
Masaya,2021-08-18,1
Masaya,2021-08-19,2
Masaya,2021-08-21,2
Masaya,2021-08-23,7
Masaya,2021-08-24,1
Masaya,2021-08-26,3
Masaya,2021-08-28,3
Masaya,2021-08-31,4
Masaya,2021-09-01,16
Masaya,2021-09-02,2
Masaya,2021-09-03,9
Masaya,2021-09-04,1
Masaya,2021-09-05,15
Masaya,2021-09-06,2
Masaya,2021-09-07,2
Matagalpa,2020-03-17,1
Matagalpa,2020-03-22,1
Matagalpa,2020-03-28,2
Matagalpa,2020-03-30,3
Matagalpa,2020-04-01,1
Matagalpa,2020-04-05,1
Matagalpa,2020-04-06,2
Matagalpa,2020-04-07,1
Matagalpa,2020-04-09,2
Matagalpa,2020-04-10,1
Matagalpa,2020-04-12,1
Matagalpa,2020-04-17,3
Matagalpa,2020-04-21,2
Matagalpa,2020-04-23,3
Matagalpa,2020-04-24,4
Matagalpa,2020-04-26,2
Matagalpa,2020-04-27,10
Matagalpa,2020-04-28,6
Matagalpa,2020-04-30,2
Matagalpa,2020-05-02,1
Matagalpa,2020-05-04,1
Matagalpa,2020-05-06,4
Matagalpa,2020-05-07,3
Matagalpa,2020-05-08,3
Matagalpa,2020-05-09,6
Matagalpa,2020-05-10,2
Matagalpa,2020-05-11,2
Matagalpa,2020-05-12,9
Matagalpa,2020-05-13,3
Matagalpa,2020-05-14,20
Matagalpa,2020-05-15,6
Matagalpa,2020-05-16,45
Matagalpa,2020-05-17,5
Matagalpa,2020-05-18,1
Matagalpa,2020-05-19,5
Matagalpa,2020-05-20,7
Matagalpa,2020-05-21,5
Matagalpa,2020-05-22,12
Matagalpa,2020-05-23,3
Matagalpa,2020-05-24,3
Matagalpa,2020-05-25,5
Matagalpa,2020-05-26,16
Matagalpa,2020-05-27,15
Matagalpa,2020-05-28,8
Matagalpa,2020-05-29,14
Matagalpa,2020-05-30,43
Matagalpa,2020-05-31,22
Matagalpa,2020-06-01,13
Matagalpa,2020-06-02,11
Matagalpa,2020-06-03,46
Matagalpa,2020-06-04,17
Matagalpa,2020-06-05,8
Matagalpa,2020-06-06,17
Matagalpa,2020-06-07,12
Matagalpa,2020-06-08,1
Matagalpa,2020-06-09,36
Matagalpa,2020-06-10,8
Matagalpa,2020-06-11,13
Matagalpa,2020-06-12,9
Matagalpa,2020-06-13,46
Matagalpa,2020-06-14,11
Matagalpa,2020-06-15,22
Matagalpa,2020-06-16,22
Matagalpa,2020-06-17,6
Matagalpa,2020-06-18,21
Matagalpa,2020-06-19,11
Matagalpa,2020-06-20,23
Matagalpa,2020-06-21,6
Matagalpa,2020-06-22,6
Matagalpa,2020-06-23,5
Matagalpa,2020-06-24,21
Matagalpa,2020-06-25,19
Matagalpa,2020-06-26,10
Matagalpa,2020-06-27,7
Matagalpa,2020-06-29,16
Matagalpa,2020-06-30,15
Matagalpa,2020-07-01,6
Matagalpa,2020-07-02,11
Matagalpa,2020-07-03,6
Matagalpa,2020-07-04,17
Matagalpa,2020-07-05,9
Matagalpa,2020-07-06,8
Matagalpa,2020-07-07,20
Matagalpa,2020-07-08,5
Matagalpa,2020-07-09,36
Matagalpa,2020-07-10,10
Matagalpa,2020-07-11,21
Matagalpa,2020-07-12,6
Matagalpa,2020-07-13,4
Matagalpa,2020-07-14,5
Matagalpa,2020-07-15,4
Matagalpa,2020-07-16,11
Matagalpa,2020-07-17,3
Matagalpa,2020-07-19,1
Matagalpa,2020-07-20,1
Matagalpa,2020-07-21,8
Matagalpa,2020-07-23,15
Matagalpa,2020-07-24,6
Matagalpa,2020-07-28,22
Matagalpa,2020-07-29,9
Matagalpa,2020-07-30,16
Matagalpa,2020-07-31,5
Matagalpa,2020-08-02,28
Matagalpa,2020-08-03,1
Matagalpa,2020-08-04,1
Matagalpa,2020-08-06,17
Matagalpa,2020-08-07,1
Matagalpa,2020-08-10,7
Matagalpa,2020-08-11,7
Matagalpa,2020-08-12,6
Matagalpa,2020-08-13,7
Matagalpa,2020-08-17,4
Matagalpa,2020-08-18,1
Matagalpa,2020-08-19,8
Matagalpa,2020-08-21,9
Matagalpa,2020-08-23,1
Matagalpa,2020-08-24,11
Matagalpa,2020-08-26,1
Matagalpa,2020-08-27,3
Matagalpa,2020-09-01,1
Matagalpa,2020-09-05,1
Matagalpa,2020-09-06,8
Matagalpa,2020-09-07,3
Matagalpa,2020-09-08,2
Matagalpa,2020-09-09,1
Matagalpa,2020-09-11,1
Matagalpa,2020-09-15,4
Matagalpa,2020-09-19,5
Matagalpa,2020-09-24,1
Matagalpa,2020-09-28,1
Matagalpa,2020-10-01,5
Matagalpa,2020-10-03,1
Matagalpa,2020-10-07,3
Matagalpa,2020-10-09,1
Matagalpa,2020-10-27,1
Matagalpa,2020-11-22,2
Matagalpa,2020-11-24,11
Matagalpa,2020-12-03,30
Matagalpa,2020-12-10,6
Matagalpa,2020-12-14,10
Matagalpa,2020-12-15,9
Matagalpa,2020-12-17,50
Matagalpa,2020-12-21,2
Matagalpa,2020-12-22,1
Matagalpa,2020-12-31,22
Matagalpa,2021-01-04,1
Matagalpa,2021-01-07,1
Matagalpa,2021-01-08,55
Matagalpa,2021-01-14,1
Matagalpa,2021-01-17,3
Matagalpa,2021-01-21,23
Matagalpa,2021-02-01,1
Matagalpa,2021-02-03,1
Matagalpa,2021-02-04,30
Matagalpa,2021-02-06,2
Matagalpa,2021-02-08,5
Matagalpa,2021-02-10,4
Matagalpa,2021-02-11,1
Matagalpa,2021-02-23,1
Matagalpa,2021-02-24,15
Matagalpa,2021-02-26,6
Matagalpa,2021-02-28,1
Matagalpa,2021-03-11,2
Matagalpa,2021-03-12,8
Matagalpa,2021-03-14,6
Matagalpa,2021-03-17,1
Matagalpa,2021-03-18,4
Matagalpa,2021-03-20,2
Matagalpa,2021-03-22,3
Matagalpa,2021-03-27,2
Matagalpa,2021-03-28,1
Matagalpa,2021-04-01,1
Matagalpa,2021-04-03,20
Matagalpa,2021-04-04,1
Matagalpa,2021-04-06,17
Matagalpa,2021-04-11,1
Matagalpa,2021-04-12,1
Matagalpa,2021-04-13,57
Matagalpa,2021-04-17,1
Matagalpa,2021-04-18,1
Matagalpa,2021-04-19,6
Matagalpa,2021-04-20,7
Matagalpa,2021-04-22,1
Matagalpa,2021-04-23,5
Matagalpa,2021-04-25,1
Matagalpa,2021-04-26,2
Matagalpa,2021-04-27,3
Matagalpa,2021-04-28,39
Matagalpa,2021-05-03,21
Matagalpa,2021-05-04,2
Matagalpa,2021-05-05,12
Matagalpa,2021-05-06,2
Matagalpa,2021-05-07,18
Matagalpa,2021-05-08,2
Matagalpa,2021-05-09,1
Matagalpa,2021-05-10,7
Matagalpa,2021-05-11,178
Matagalpa,2021-05-12,1
Matagalpa,2021-05-13,3
Matagalpa,2021-05-16,3
Matagalpa,2021-05-17,4
Matagalpa,2021-05-19,1
Matagalpa,2021-05-21,1
Matagalpa,2021-05-22,3
Matagalpa,2021-05-23,1
Matagalpa,2021-05-24,51
Matagalpa,2021-05-25,1
Matagalpa,2021-06-01,1
Matagalpa,2021-06-06,16
Matagalpa,2021-06-07,3
Matagalpa,2021-06-08,1
Matagalpa,2021-06-13,3
Matagalpa,2021-06-14,22
Matagalpa,2021-06-15,9
Matagalpa,2021-06-16,12
Matagalpa,2021-06-17,9
Matagalpa,2021-06-18,10
Matagalpa,2021-06-19,16
Matagalpa,2021-06-20,9
Matagalpa,2021-06-21,9
Matagalpa,2021-06-22,15
Matagalpa,2021-06-23,9
Matagalpa,2021-06-24,10
Matagalpa,2021-06-25,9
Matagalpa,2021-06-26,9
Matagalpa,2021-06-27,11
Matagalpa,2021-06-28,12
Matagalpa,2021-06-29,10
Matagalpa,2021-07-01,25
Matagalpa,2021-07-02,5
Matagalpa,2021-07-04,2
Matagalpa,2021-07-05,5
Matagalpa,2021-07-07,3
Matagalpa,2021-07-10,2
Matagalpa,2021-07-11,5
Matagalpa,2021-07-12,2
Matagalpa,2021-07-13,17
Matagalpa,2021-07-15,17
Matagalpa,2021-07-16,2
Matagalpa,2021-07-18,1
Matagalpa,2021-07-19,1
Matagalpa,2021-07-21,3
Matagalpa,2021-07-22,1
Matagalpa,2021-07-23,3
Matagalpa,2021-07-24,5
Matagalpa,2021-07-25,22
Matagalpa,2021-07-27,8
Matagalpa,2021-07-28,10
Matagalpa,2021-07-29,24
Matagalpa,2021-07-30,11
Matagalpa,2021-07-31,3
Matagalpa,2021-08-01,3
Matagalpa,2021-08-02,6
Matagalpa,2021-08-03,2
Matagalpa,2021-08-04,10
Matagalpa,2021-08-05,1
Matagalpa,2021-08-07,10
Matagalpa,2021-08-08,7
Matagalpa,2021-08-09,2
Matagalpa,2021-08-10,13
Matagalpa,2021-08-11,5
Matagalpa,2021-08-12,2
Matagalpa,2021-08-14,2
Matagalpa,2021-08-15,8
Matagalpa,2021-08-16,5
Matagalpa,2021-08-17,26
Matagalpa,2021-08-18,3
Matagalpa,2021-08-19,31
Matagalpa,2021-08-20,13
Matagalpa,2021-08-21,9
Matagalpa,2021-08-22,15
Matagalpa,2021-08-23,2
Matagalpa,2021-08-24,40
Matagalpa,2021-08-25,17
Matagalpa,2021-08-26,17
Matagalpa,2021-08-27,9
Matagalpa,2021-08-28,17
Matagalpa,2021-08-29,155
Matagalpa,2021-08-30,26
Matagalpa,2021-08-31,14
Matagalpa,2021-09-01,14
Matagalpa,2021-09-02,45
Matagalpa,2021-09-03,6
Matagalpa,2021-09-04,3
Matagalpa,2021-09-05,11
Matagalpa,2021-09-06,11
Matagalpa,2021-09-07,16
Nueva Segovia,2020-03-23,1
Nueva Segovia,2020-04-02,1
Nueva Segovia,2020-04-03,3
Nueva Segovia,2020-04-28,1
Nueva Segovia,2020-05-08,4
Nueva Segovia,2020-05-09,2
Nueva Segovia,2020-05-10,5
Nueva Segovia,2020-05-15,1
Nueva Segovia,2020-05-17,1
Nueva Segovia,2020-05-20,6
Nueva Segovia,2020-05-21,1
Nueva Segovia,2020-05-22,2
Nueva Segovia,2020-05-24,1
Nueva Segovia,2020-05-25,1
Nueva Segovia,2020-05-28,3
Nueva Segovia,2020-05-29,3
Nueva Segovia,2020-05-30,5
Nueva Segovia,2020-05-31,1
Nueva Segovia,2020-06-01,2
Nueva Segovia,2020-06-02,2
Nueva Segovia,2020-06-03,9
Nueva Segovia,2020-06-08,2
Nueva Segovia,2020-06-09,4
Nueva Segovia,2020-06-10,18
Nueva Segovia,2020-06-11,8
Nueva Segovia,2020-06-13,1
Nueva Segovia,2020-06-14,1
Nueva Segovia,2020-06-15,2
Nueva Segovia,2020-06-16,6
Nueva Segovia,2020-06-17,1
Nueva Segovia,2020-06-18,6
Nueva Segovia,2020-06-19,1
Nueva Segovia,2020-06-20,2
Nueva Segovia,2020-06-21,10
Nueva Segovia,2020-06-23,1
Nueva Segovia,2020-06-24,4
Nueva Segovia,2020-06-25,3
Nueva Segovia,2020-06-26,2
Nueva Segovia,2020-06-27,3
Nueva Segovia,2020-06-28,2
Nueva Segovia,2020-06-30,3
Nueva Segovia,2020-07-01,3
Nueva Segovia,2020-07-04,1
Nueva Segovia,2020-07-05,5
Nueva Segovia,2020-07-06,4
Nueva Segovia,2020-07-07,1
Nueva Segovia,2020-07-09,1
Nueva Segovia,2020-07-10,2
Nueva Segovia,2020-07-13,3
Nueva Segovia,2020-07-14,5
Nueva Segovia,2020-07-15,1
Nueva Segovia,2020-07-16,1
Nueva Segovia,2020-07-20,7
Nueva Segovia,2020-07-21,1
Nueva Segovia,2020-07-23,2
Nueva Segovia,2020-07-24,3
Nueva Segovia,2020-07-25,2
Nueva Segovia,2020-07-26,1
Nueva Segovia,2020-07-27,5
Nueva Segovia,2020-07-28,1
Nueva Segovia,2020-07-29,3
Nueva Segovia,2020-07-31,2
Nueva Segovia,2020-08-01,2
Nueva Segovia,2020-08-03,1
Nueva Segovia,2020-08-04,2
Nueva Segovia,2020-08-07,2
Nueva Segovia,2020-08-10,4
Nueva Segovia,2020-08-11,2
Nueva Segovia,2020-08-12,1
Nueva Segovia,2020-08-13,1
Nueva Segovia,2020-08-17,2
Nueva Segovia,2020-08-20,5
Nueva Segovia,2020-08-22,3
Nueva Segovia,2020-08-24,1
Nueva Segovia,2020-08-26,18
Nueva Segovia,2020-08-27,2
Nueva Segovia,2020-08-29,1
Nueva Segovia,2020-08-30,1
Nueva Segovia,2020-09-15,3
Nueva Segovia,2020-09-16,1
Nueva Segovia,2020-09-18,1
Nueva Segovia,2020-09-23,3
Nueva Segovia,2020-09-28,2
Nueva Segovia,2020-10-03,1
Nueva Segovia,2020-10-06,3
Nueva Segovia,2020-10-07,4
Nueva Segovia,2020-10-27,1
Nueva Segovia,2020-11-04,14
Nueva Segovia,2020-11-17,6
Nueva Segovia,2020-11-24,1
Nueva Segovia,2020-12-01,1
Nueva Segovia,2021-04-11,3
Nueva Segovia,2021-05-12,1
Nueva Segovia,2021-05-22,2
Nueva Segovia,2021-05-23,2
Nueva Segovia,2021-05-28,1
Nueva Segovia,2021-06-01,2
Nueva Segovia,2021-06-03,2
Nueva Segovia,2021-06-27,1
Nueva Segovia,2021-06-30,2
Nueva Segovia,2021-07-02,2
Nueva Segovia,2021-07-07,3
Nueva Segovia,2021-07-08,3
Nueva Segovia,2021-07-12,5
Nueva Segovia,2021-07-13,4
Nueva Segovia,2021-07-14,3
Nueva Segovia,2021-07-15,3
Nueva Segovia,2021-07-17,6
Nueva Segovia,2021-07-18,1
Nueva Segovia,2021-07-19,2
Nueva Segovia,2021-07-20,3
Nueva Segovia,2021-07-21,1
Nueva Segovia,2021-07-22,2
Nueva Segovia,2021-07-24,3
Nueva Segovia,2021-07-26,3
Nueva Segovia,2021-07-27,6
Nueva Segovia,2021-07-28,1
Nueva Segovia,2021-07-29,3
Nueva Segovia,2021-07-31,3
Nueva Segovia,2021-08-01,4
Nueva Segovia,2021-08-02,8
Nueva Segovia,2021-08-03,1
Nueva Segovia,2021-08-04,15
Nueva Segovia,2021-08-05,2
Nueva Segovia,2021-08-09,30
Nueva Segovia,2021-08-11,19
Nueva Segovia,2021-08-12,1
Nueva Segovia,2021-08-13,2
Nueva Segovia,2021-08-15,12
Nueva Segovia,2021-08-16,11
Nueva Segovia,2021-08-18,2
Nueva Segovia,2021-08-19,1
Nueva Segovia,2021-08-20,5
Nueva Segovia,2021-08-21,5
Nueva Segovia,2021-08-22,1
Nueva Segovia,2021-08-24,1
Nueva Segovia,2021-08-25,6
Nueva Segovia,2021-08-26,13
Nueva Segovia,2021-08-27,1
Nueva Segovia,2021-08-28,10
Nueva Segovia,2021-08-29,4
Nueva Segovia,2021-08-30,1
Nueva Segovia,2021-08-31,5
Nueva Segovia,2021-09-01,3
Nueva Segovia,2021-09-02,8
Nueva Segovia,2021-09-03,2
Nueva Segovia,2021-09-05,11
Nueva Segovia,2021-09-06,1
Nueva Segovia,2021-09-07,6
RACCN,2020-03-18,1
RACCN,2020-03-24,1
RACCN,2020-04-24,2
RACCN,2020-05-03,1
RACCN,2020-05-04,6
RACCN,2020-05-15,1
RACCN,2020-05-16,2
RACCN,2020-05-20,4
RACCN,2020-05-21,4
RACCN,2020-05-22,2
RACCN,2020-05-23,2
RACCN,2020-05-25,1
RACCN,2020-05-28,1
RACCN,2020-05-29,11
RACCN,2020-05-31,1
RACCN,2020-06-01,1
RACCN,2020-06-02,2
RACCN,2020-06-03,4
RACCN,2020-06-04,3
RACCN,2020-06-06,3
RACCN,2020-06-07,1
RACCN,2020-06-09,3
RACCN,2020-06-10,6
RACCN,2020-06-11,4
RACCN,2020-06-12,10
RACCN,2020-06-13,3
RACCN,2020-06-15,4
RACCN,2020-06-17,5
RACCN,2020-06-18,26
RACCN,2020-06-19,1
RACCN,2020-06-20,2
RACCN,2020-06-22,3
RACCN,2020-06-24,1
RACCN,2020-06-25,1
RACCN,2020-06-27,2
RACCN,2020-06-29,2
RACCN,2020-07-01,1
RACCN,2020-07-02,1
RACCN,2020-07-04,3
RACCN,2020-07-06,1
RACCN,2020-07-08,2
RACCN,2020-07-10,1
RACCN,2020-07-11,5
RACCN,2020-07-12,2
RACCN,2020-07-14,2
RACCN,2020-07-18,1
RACCN,2020-07-20,1
RACCN,2020-07-28,2
RACCN,2020-07-29,2
RACCN,2020-08-01,1
RACCN,2020-08-04,1
RACCN,2020-08-08,2
RACCN,2020-08-11,2
RACCN,2020-08-12,12
RACCN,2020-08-15,6
RACCN,2020-08-18,2
RACCN,2020-08-23,3
RACCN,2020-08-28,1
RACCN,2020-08-29,6
RACCN,2020-09-22,2
RACCN,2020-10-01,1
RACCN,2020-11-27,5
RACCN,2020-11-29,10
RACCN,2020-12-03,3
RACCN,2021-01-14,2
RACCN,2021-02-07,1
RACCN,2021-03-04,1
RACCN,2021-03-10,5
RACCN,2021-03-20,2
RACCN,2021-03-25,5
RACCN,2021-03-29,1
RACCN,2021-03-31,1
RACCN,2021-04-21,18
RACCN,2021-05-02,12
RACCN,2021-05-04,1
RACCN,2021-05-05,1
RACCN,2021-05-17,2
RACCN,2021-05-27,1
RACCN,2021-06-07,1
RACCN,2021-08-19,10
RACCN,2021-08-23,1
RACCN,2021-08-26,1
RACCN,2021-08-27,5
RACCN,2021-08-29,1
RACCN,2021-08-31,7
RACCN,2021-09-03,3
RACCN,2021-09-04,1
RACCN,2021-09-05,12
RACCN,2021-09-06,3
RACCN,2021-09-07,8
RACCS,2020-03-26,2
RACCS,2020-03-30,1
RACCS,2020-04-03,14
RACCS,2020-04-11,2
RACCS,2020-04-17,1
RACCS,2020-04-18,1
RACCS,2020-04-22,2
RACCS,2020-04-24,1
RACCS,2020-05-09,1
RACCS,2020-05-13,2
RACCS,2020-05-15,2
RACCS,2020-05-16,1
RACCS,2020-05-17,2
RACCS,2020-05-18,3
RACCS,2020-05-19,5
RACCS,2020-05-20,1
RACCS,2020-05-21,5
RACCS,2020-05-22,3
RACCS,2020-05-23,6
RACCS,2020-05-24,7
RACCS,2020-05-25,1
RACCS,2020-05-27,5
RACCS,2020-05-28,1
RACCS,2020-05-29,16
RACCS,2020-05-31,1
RACCS,2020-06-01,4
RACCS,2020-06-02,1
RACCS,2020-06-03,3
RACCS,2020-06-04,3
RACCS,2020-06-06,1
RACCS,2020-06-07,2
RACCS,2020-06-08,1
RACCS,2020-06-09,1
RACCS,2020-06-10,2
RACCS,2020-06-11,2
RACCS,2020-06-12,1
RACCS,2020-06-13,1
RACCS,2020-06-14,3
RACCS,2020-06-15,23
RACCS,2020-06-16,3
RACCS,2020-06-17,3
RACCS,2020-06-19,2
RACCS,2020-06-20,1
RACCS,2020-06-21,1
RACCS,2020-06-22,2
RACCS,2020-06-23,4
RACCS,2020-06-26,1
RACCS,2020-06-27,6
RACCS,2020-06-28,7
RACCS,2020-07-01,2
RACCS,2020-07-03,2
RACCS,2020-07-05,3
RACCS,2020-07-06,19
RACCS,2020-07-07,5
RACCS,2020-07-11,4
RACCS,2020-07-12,1
RACCS,2020-07-13,2
RACCS,2020-07-14,2
RACCS,2020-07-15,1
RACCS,2020-07-23,4
RACCS,2020-07-24,1
RACCS,2020-07-31,1
RACCS,2020-08-10,16
RACCS,2020-08-11,5
RACCS,2020-08-17,2
RACCS,2020-08-19,1
RACCS,2020-08-20,1
RACCS,2020-08-30,3
RACCS,2020-10-06,5
RACCS,2020-10-09,2
RACCS,2020-11-29,3
RACCS,2020-12-28,1
RACCS,2020-12-30,1
RACCS,2021-02-04,32
RACCS,2021-02-19,2
RACCS,2021-03-13,1
RACCS,2021-03-31,2
RACCS,2021-04-10,1
RACCS,2021-04-11,2
RACCS,2021-04-26,1
RACCS,2021-04-28,2
RACCS,2021-05-18,1
RACCS,2021-05-23,9
RACCS,2021-06-08,1
RACCS,2021-06-16,1
RACCS,2021-06-30,3
RACCS,2021-07-11,1
RACCS,2021-07-21,1
RACCS,2021-08-06,2
RACCS,2021-08-13,1
RACCS,2021-08-15,1
RACCS,2021-08-25,8
RACCS,2021-08-30,2
RACCS,2021-09-02,1
RACCS,2021-09-04,1
RACCS,2021-09-06,4
Rio San Juan,2020-04-01,1
Rio San Juan,2020-04-04,1
Rio San Juan,2020-05-06,3
Rio San Juan,2020-05-19,3
Rio San Juan,2020-05-20,4
Rio San Juan,2020-05-21,2
Rio San Juan,2020-05-24,2
Rio San Juan,2020-05-26,4
Rio San Juan,2020-05-28,1
Rio San Juan,2020-05-29,3
Rio San Juan,2020-05-31,5
Rio San Juan,2020-06-03,2
Rio San Juan,2020-06-13,1
Rio San Juan,2020-06-15,2
Rio San Juan,2020-06-19,4
Rio San Juan,2020-06-20,2
Rio San Juan,2020-06-23,7
Rio San Juan,2020-06-30,3
Rio San Juan,2020-07-01,2
Rio San Juan,2020-07-04,7
Rio San Juan,2020-07-05,1
Rio San Juan,2020-07-08,1
Rio San Juan,2020-08-02,7
Rio San Juan,2020-08-03,5
Rio San Juan,2020-08-06,1
Rio San Juan,2020-08-11,7
Rio San Juan,2020-08-13,4
Rio San Juan,2020-08-17,4
Rio San Juan,2020-08-19,2
Rio San Juan,2020-08-20,7
Rio San Juan,2020-08-22,1
Rio San Juan,2020-08-26,3
Rio San Juan,2020-08-29,1
Rio San Juan,2020-08-30,2
Rio San Juan,2020-09-08,1
Rio San Juan,2020-09-09,1
Rio San Juan,2021-02-06,4
Rio San Juan,2021-02-14,1
Rio San Juan,2021-04-15,2
Rio San Juan,2021-04-28,14
Rio San Juan,2021-05-11,1
Rio San Juan,2021-05-15,1
Rio San Juan,2021-06-17,5
Rio San Juan,2021-06-20,2
Rio San Juan,2021-07-04,1
Rio San Juan,2021-07-13,7
Rio San Juan,2021-07-14,6
Rio San Juan,2021-07-15,1
Rio San Juan,2021-07-23,1
Rio San Juan,2021-08-03,3
Rio San Juan,2021-08-06,1
Rio San Juan,2021-08-09,1
Rio San Juan,2021-08-12,2
Rio San Juan,2021-08-14,2
Rio San Juan,2021-08-19,15
Rio San Juan,2021-08-28,1
Rio San Juan,2021-08-30,1
Rivas,2020-03-17,1
Rivas,2020-03-18,2
Rivas,2020-03-19,1
Rivas,2020-03-23,2
Rivas,2020-03-30,2
Rivas,2020-04-05,1
Rivas,2020-04-06,1
Rivas,2020-04-17,3
Rivas,2020-04-26,3
Rivas,2020-05-04,1
Rivas,2020-05-06,1
Rivas,2020-05-07,7
Rivas,2020-05-08,1
Rivas,2020-05-14,1
Rivas,2020-05-22,6
Rivas,2020-05-24,1
Rivas,2020-05-26,3
Rivas,2020-05-27,3
Rivas,2020-05-28,1
Rivas,2020-05-29,2
Rivas,2020-05-30,1
Rivas,2020-05-31,5
Rivas,2020-06-01,1
Rivas,2020-06-02,2
Rivas,2020-06-03,3
Rivas,2020-06-04,2
Rivas,2020-06-05,1
Rivas,2020-06-07,1
Rivas,2020-06-08,5
Rivas,2020-06-09,3
Rivas,2020-06-10,8
Rivas,2020-06-11,7
Rivas,2020-06-12,1
Rivas,2020-06-13,4
Rivas,2020-06-15,9
Rivas,2020-06-17,1
Rivas,2020-06-18,1
Rivas,2020-06-22,2
Rivas,2020-06-23,2
Rivas,2020-06-24,1
Rivas,2020-06-25,3
Rivas,2020-06-26,1
Rivas,2020-06-27,1
Rivas,2020-06-28,2
Rivas,2020-07-02,2
Rivas,2020-07-03,1
Rivas,2020-07-05,1
Rivas,2020-07-06,5
Rivas,2020-07-07,1
Rivas,2020-07-10,1
Rivas,2020-07-23,12
Rivas,2020-07-24,1
Rivas,2020-07-25,1
Rivas,2020-07-29,13
Rivas,2020-08-05,1
Rivas,2020-08-12,1
Rivas,2020-08-25,11
Rivas,2020-08-27,1
Rivas,2020-09-01,2
Rivas,2020-09-07,5
Rivas,2020-09-14,4
Rivas,2020-09-16,2
Rivas,2020-09-28,11
Rivas,2020-10-02,1
Rivas,2020-10-20,3
Rivas,2020-11-24,2
Rivas,2020-12-01,2
Rivas,2020-12-02,8
Rivas,2020-12-06,1
Rivas,2020-12-14,2
Rivas,2020-12-30,5
Rivas,2021-01-07,1
Rivas,2021-01-12,3
Rivas,2021-01-20,25
Rivas,2021-01-31,30
Rivas,2021-02-04,1
Rivas,2021-02-10,31
Rivas,2021-02-19,2
Rivas,2021-02-23,35
Rivas,2021-03-02,1
Rivas,2021-04-01,19
Rivas,2021-04-13,29
Rivas,2021-04-20,32
Rivas,2021-04-22,1
Rivas,2021-04-23,1
Rivas,2021-04-28,4
Rivas,2021-04-29,18
Rivas,2021-04-30,18
Rivas,2021-05-03,16
Rivas,2021-05-11,22
Rivas,2021-05-12,1
Rivas,2021-05-14,19
Rivas,2021-05-15,19
Rivas,2021-05-19,18
Rivas,2021-05-20,18
Rivas,2021-05-22,19
Rivas,2021-05-23,19
Rivas,2021-05-25,20
Rivas,2021-06-30,1
Rivas,2021-07-08,4
Rivas,2021-07-10,3
Rivas,2021-07-12,1
Rivas,2021-07-15,1
Rivas,2021-07-20,3
Rivas,2021-08-10,1
Rivas,2021-08-11,1
Rivas,2021-08-27,3
Rivas,2021-08-29,13
Rivas,2021-08-30,1
Rivas,2021-09-03,95
Rivas,2021-09-04,30
Rivas,2021-09-05,25
Rivas,2021-09-06,27
Rivas,2021-09-07,27
