location,iso_code,date,total_vaccinations,people_vaccinated,people_fully_vaccinated,daily_vaccinations_raw,daily_vaccinations,total_vaccinations_per_hundred,people_vaccinated_per_hundred,people_fully_vaccinated_per_hundred,daily_vaccinations_per_million
Belize,BLZ,2021-02-28,0,0,NA,NA,NA,0,0,NA,NA
Belize,BLZ,2021-03-01,NA,NA,NA,NA,208,NA,NA,NA,523
Belize,BLZ,2021-03-02,417,417,NA,NA,208,0.1,0.1,NA,523
Belize,BLZ,2021-03-03,673,673,NA,256,224,0.17,0.17,NA,563
Belize,BLZ,2021-03-04,817,817,NA,144,204,0.21,0.21,NA,513
Belize,BLZ,2021-03-05,996,996,NA,179,199,0.25,0.25,NA,500
Belize,BLZ,2021-03-06,NA,NA,NA,NA,186,NA,NA,NA,468
Belize,BLZ,2021-03-07,NA,NA,NA,NA,176,NA,NA,NA,443
Belize,BLZ,2021-03-08,NA,NA,NA,NA,163,NA,NA,NA,410
Belize,BLZ,2021-03-09,1466,1466,NA,NA,150,0.37,0.37,NA,377
Belize,BLZ,2021-03-10,2489,2489,NA,1023,259,0.63,0.63,NA,651
Belize,BLZ,2021-03-11,4933,4933,NA,2444,588,1.24,1.24,NA,1479
Belize,BLZ,2021-03-12,7444,7444,NA,2511,921,1.87,1.87,NA,2316
Belize,BLZ,2021-03-13,NA,NA,NA,NA,1006,NA,NA,NA,2530
Belize,BLZ,2021-03-14,NA,NA,NA,NA,1091,NA,NA,NA,2744
Belize,BLZ,2021-03-15,9585,9585,NA,NA,1177,2.41,2.41,NA,2960
Belize,BLZ,2021-03-16,10972,10972,NA,1387,1358,2.76,2.76,NA,3415
Belize,BLZ,2021-03-17,11943,11943,NA,971,1351,3,3,NA,3398
Belize,BLZ,2021-03-18,13150,13150,NA,1207,1174,3.31,3.31,NA,2953
Belize,BLZ,2021-03-19,15006,15006,NA,1856,1080,3.77,3.77,NA,2716
Belize,BLZ,2021-03-20,NA,NA,NA,NA,1035,NA,NA,NA,2603
Belize,BLZ,2021-03-21,NA,NA,NA,NA,990,NA,NA,NA,2490
Belize,BLZ,2021-03-22,16202,16202,NA,NA,945,4.07,4.07,NA,2377
Belize,BLZ,2021-03-23,17282,17282,NA,1080,901,4.35,4.35,NA,2266
Belize,BLZ,2021-03-24,18182,18182,NA,900,891,4.57,4.57,NA,2241
Belize,BLZ,2021-03-25,NA,NA,NA,NA,878,NA,NA,NA,2208
Belize,BLZ,2021-03-26,20411,20411,NA,NA,772,5.13,5.13,NA,1942
Belize,BLZ,2021-03-27,NA,NA,NA,NA,763,NA,NA,NA,1919
Belize,BLZ,2021-03-28,NA,NA,NA,NA,753,NA,NA,NA,1894
Belize,BLZ,2021-03-29,NA,NA,NA,NA,743,NA,NA,NA,1869
Belize,BLZ,2021-03-30,NA,NA,NA,NA,636,NA,NA,NA,1600
Belize,BLZ,2021-03-31,22067,22067,NA,NA,555,5.55,5.55,NA,1396
Belize,BLZ,2021-04-01,NA,NA,NA,NA,434,NA,NA,NA,1091
Belize,BLZ,2021-04-02,NA,NA,NA,NA,314,NA,NA,NA,790
Belize,BLZ,2021-04-03,NA,NA,NA,NA,305,NA,NA,NA,767
Belize,BLZ,2021-04-04,NA,NA,NA,NA,296,NA,NA,NA,744
Belize,BLZ,2021-04-05,NA,NA,NA,NA,288,NA,NA,NA,724
Belize,BLZ,2021-04-06,NA,NA,NA,NA,279,NA,NA,NA,702
Belize,BLZ,2021-04-07,23958,23958,NA,NA,270,6.03,6.03,NA,679
Belize,BLZ,2021-04-08,NA,NA,NA,NA,474,NA,NA,NA,1192
Belize,BLZ,2021-04-09,27353,27353,NA,NA,678,6.88,6.88,NA,1705
Belize,BLZ,2021-04-10,NA,NA,NA,NA,679,NA,NA,NA,1708
Belize,BLZ,2021-04-11,NA,NA,NA,NA,680,NA,NA,NA,1710
Belize,BLZ,2021-04-12,28188,28188,NA,NA,681,7.09,7.09,NA,1713
Belize,BLZ,2021-04-13,29939,29939,NA,1751,893,7.53,7.53,NA,2246
Belize,BLZ,2021-04-14,NA,NA,NA,NA,1086,NA,NA,NA,2731
Belize,BLZ,2021-04-15,33180,33180,NA,NA,1075,8.34,8.34,NA,2704
Belize,BLZ,2021-04-16,34262,34262,NA,1082,987,8.62,8.62,NA,2482
Belize,BLZ,2021-04-17,NA,NA,NA,NA,1009,NA,NA,NA,2538
Belize,BLZ,2021-04-18,NA,NA,NA,NA,1031,NA,NA,NA,2593
Belize,BLZ,2021-04-19,NA,NA,NA,NA,1053,NA,NA,NA,2648
Belize,BLZ,2021-04-20,35990,35990,NA,NA,864,9.05,9.05,NA,2173
Belize,BLZ,2021-04-21,37097,37097,NA,1107,791,9.33,9.33,NA,1989
Belize,BLZ,2021-04-22,38176,38176,NA,1079,714,9.6,9.6,NA,1796
Belize,BLZ,2021-04-23,39330,39330,NA,1154,724,9.89,9.89,NA,1821
Belize,BLZ,2021-04-24,NA,NA,NA,NA,722,NA,NA,NA,1816
Belize,BLZ,2021-04-25,NA,NA,NA,NA,721,NA,NA,NA,1813
Belize,BLZ,2021-04-26,NA,NA,NA,NA,719,NA,NA,NA,1808
Belize,BLZ,2021-04-27,41014,41014,NA,NA,718,10.31,10.31,NA,1806
Belize,BLZ,2021-04-28,42100,42100,NA,1086,715,10.59,10.59,NA,1798
Belize,BLZ,2021-04-29,NA,NA,NA,NA,631,NA,NA,NA,1587
Belize,BLZ,2021-04-30,NA,NA,NA,NA,536,NA,NA,NA,1348
Belize,BLZ,2021-05-01,NA,NA,NA,NA,545,NA,NA,NA,1371
Belize,BLZ,2021-05-02,NA,NA,NA,NA,555,NA,NA,NA,1396
Belize,BLZ,2021-05-03,44548,44548,NA,NA,565,11.2,11.2,NA,1421
Belize,BLZ,2021-05-04,NA,NA,NA,NA,613,NA,NA,NA,1542
Belize,BLZ,2021-05-05,46067,46067,NA,NA,567,11.59,11.59,NA,1426
Belize,BLZ,2021-05-06,46659,46659,NA,592,581,11.73,11.73,NA,1461
Belize,BLZ,2021-05-07,47675,47675,NA,1016,657,11.99,11.99,NA,1652
Belize,BLZ,2021-05-08,NA,NA,NA,NA,647,NA,NA,NA,1627
Belize,BLZ,2021-05-09,NA,NA,NA,NA,637,NA,NA,NA,1602
Belize,BLZ,2021-05-10,NA,NA,NA,NA,627,NA,NA,NA,1577
Belize,BLZ,2021-05-11,49358,49358,NA,NA,579,12.41,12.41,NA,1456
Belize,BLZ,2021-05-12,50292,50292,NA,934,604,12.65,12.65,NA,1519
Belize,BLZ,2021-05-13,NA,NA,NA,NA,695,NA,NA,NA,1748
Belize,BLZ,2021-05-14,52753,52753,NA,NA,725,13.27,13.27,NA,1823
Belize,BLZ,2021-05-15,NA,NA,NA,NA,701,NA,NA,NA,1763
Belize,BLZ,2021-05-16,NA,NA,NA,NA,676,NA,NA,NA,1700
Belize,BLZ,2021-05-17,53496,53496,NA,NA,651,13.45,13.45,NA,1637
Belize,BLZ,2021-05-18,64413,54909,9504,10917,2151,16.2,13.81,2.39,5410
Belize,BLZ,2021-05-19,66387,56719,9668,1974,2299,16.7,14.26,2.43,5782
Belize,BLZ,2021-05-20,NA,NA,NA,NA,2421,NA,NA,NA,6089
Belize,BLZ,2021-05-21,70548,60119,10429,NA,2542,17.74,15.12,2.62,6393
Belize,BLZ,2021-05-22,NA,NA,NA,NA,2556,NA,NA,NA,6428
Belize,BLZ,2021-05-23,NA,NA,NA,NA,2569,NA,NA,NA,6461
Belize,BLZ,2021-05-24,NA,NA,NA,NA,2583,NA,NA,NA,6496
Belize,BLZ,2021-05-25,71916,61282,10634,NA,1072,18.09,15.41,2.67,2696
Belize,BLZ,2021-05-26,NA,NA,NA,NA,940,NA,NA,NA,2364
Belize,BLZ,2021-05-27,74016,63064,10952,NA,793,18.61,15.86,2.75,1994
Belize,BLZ,2021-05-28,75243,64070,11173,1227,671,18.92,16.11,2.81,1688
Belize,BLZ,2021-05-29,NA,NA,NA,NA,677,NA,NA,NA,1703
Belize,BLZ,2021-05-30,NA,NA,NA,NA,683,NA,NA,NA,1718
Belize,BLZ,2021-05-31,NA,NA,NA,NA,690,NA,NA,NA,1735
Belize,BLZ,2021-06-01,76787,65271,11516,NA,696,19.31,16.42,2.9,1750
Belize,BLZ,2021-06-02,77607,65829,11778,820,663,19.52,16.56,2.96,1667
Belize,BLZ,2021-06-03,78530,66596,11934,923,645,19.75,16.75,3,1622
Belize,BLZ,2021-06-04,80121,67851,12270,1591,697,20.15,17.06,3.09,1753
Belize,BLZ,2021-06-05,NA,NA,NA,NA,814,NA,NA,NA,2047
Belize,BLZ,2021-06-06,NA,NA,NA,NA,931,NA,NA,NA,2341
Belize,BLZ,2021-06-07,NA,NA,NA,NA,1049,NA,NA,NA,2638
Belize,BLZ,2021-06-08,NA,NA,NA,NA,1166,NA,NA,NA,2932
Belize,BLZ,2021-06-09,NA,NA,NA,NA,1221,NA,NA,NA,3071
Belize,BLZ,2021-06-10,NA,NA,NA,NA,1262,NA,NA,NA,3174
Belize,BLZ,2021-06-11,88569,72453,16116,NA,1207,22.27,18.22,4.05,3036
Belize,BLZ,2021-06-12,NA,NA,NA,NA,1209,NA,NA,NA,3041
Belize,BLZ,2021-06-13,NA,NA,NA,NA,1211,NA,NA,NA,3046
Belize,BLZ,2021-06-14,NA,NA,NA,NA,1213,NA,NA,NA,3051
Belize,BLZ,2021-06-15,93451,74278,19173,NA,1215,23.5,18.68,4.82,3056
Belize,BLZ,2021-06-16,95452,75123,20329,2001,1328,24.01,18.89,5.11,3340
Belize,BLZ,2021-06-17,97404,76148,21256,1952,1435,24.5,19.15,5.35,3609
Belize,BLZ,2021-06-18,NA,NA,NA,NA,1467,NA,NA,NA,3689
Belize,BLZ,2021-06-19,NA,NA,NA,NA,1498,NA,NA,NA,3767
Belize,BLZ,2021-06-20,NA,NA,NA,NA,1528,NA,NA,NA,3843
Belize,BLZ,2021-06-21,NA,NA,NA,NA,1559,NA,NA,NA,3921
Belize,BLZ,2021-06-22,NA,NA,NA,NA,1589,NA,NA,NA,3996
Belize,BLZ,2021-06-23,106010,79993,26017,NA,1508,26.66,20.12,6.54,3793
Belize,BLZ,2021-06-24,NA,NA,NA,NA,1461,NA,NA,NA,3674
Belize,BLZ,2021-06-25,NA,NA,NA,NA,1488,NA,NA,NA,3742
Belize,BLZ,2021-06-26,NA,NA,NA,NA,1515,NA,NA,NA,3810
Belize,BLZ,2021-06-27,NA,NA,NA,NA,1542,NA,NA,NA,3878
Belize,BLZ,2021-06-28,NA,NA,NA,NA,1569,NA,NA,NA,3946
Belize,BLZ,2021-06-29,NA,NA,NA,NA,1596,NA,NA,NA,4014
Belize,BLZ,2021-06-30,NA,NA,NA,NA,1622,NA,NA,NA,4079
Belize,BLZ,2021-07-01,118989,87522,31467,NA,1622,29.93,22.01,7.91,4079
Belize,BLZ,2021-07-02,123902,90878,33024,4913,2092,31.16,22.86,8.31,5261
Belize,BLZ,2021-07-03,NA,NA,NA,NA,2054,NA,NA,NA,5166
Belize,BLZ,2021-07-04,NA,NA,NA,NA,2016,NA,NA,NA,5070
Belize,BLZ,2021-07-05,127969,93775,34194,NA,1978,32.18,23.58,8.6,4975
Belize,BLZ,2021-07-06,131938,96569,35369,3969,2313,33.18,24.29,8.9,5817
Belize,BLZ,2021-07-07,136169,99591,36578,4231,2686,34.25,25.05,9.2,6755
Belize,BLZ,2021-07-08,139525,102052,37473,3356,2934,35.09,25.67,9.42,7379
Belize,BLZ,2021-07-09,NA,NA,NA,NA,2448,NA,NA,NA,6157
Belize,BLZ,2021-07-10,NA,NA,NA,NA,2470,NA,NA,NA,6212
Belize,BLZ,2021-07-11,NA,NA,NA,NA,2492,NA,NA,NA,6267
Belize,BLZ,2021-07-12,NA,NA,NA,NA,2514,NA,NA,NA,6323
Belize,BLZ,2021-07-13,147080,107617,39463,NA,2163,36.99,27.07,9.92,5440
Belize,BLZ,2021-07-14,NA,NA,NA,NA,1971,NA,NA,NA,4957
Belize,BLZ,2021-07-15,152857,111501,41356,NA,1905,38.44,28.04,10.4,4791
Belize,BLZ,2021-07-16,155896,113596,42300,3039,2123,39.21,28.57,10.64,5339
Costa Rica,CRI,2020-12-24,55,55,NA,NA,NA,0,0,NA,NA
Costa Rica,CRI,2020-12-25,NA,NA,NA,NA,240,NA,NA,NA,47
Costa Rica,CRI,2020-12-26,NA,NA,NA,NA,240,NA,NA,NA,47
Costa Rica,CRI,2020-12-27,NA,NA,NA,NA,240,NA,NA,NA,47
Costa Rica,CRI,2020-12-28,NA,NA,NA,NA,240,NA,NA,NA,47
Costa Rica,CRI,2020-12-29,NA,NA,NA,NA,240,NA,NA,NA,47
Costa Rica,CRI,2020-12-30,NA,NA,NA,NA,240,NA,NA,NA,47
Costa Rica,CRI,2020-12-31,NA,NA,NA,NA,240,NA,NA,NA,47
Costa Rica,CRI,2021-01-01,NA,NA,NA,NA,240,NA,NA,NA,47
Costa Rica,CRI,2021-01-02,NA,NA,NA,NA,240,NA,NA,NA,47
Costa Rica,CRI,2021-01-03,2455,2455,NA,NA,240,0.05,0.05,NA,47
Costa Rica,CRI,2021-01-04,NA,NA,NA,NA,414,NA,NA,NA,81
Costa Rica,CRI,2021-01-05,NA,NA,NA,NA,588,NA,NA,NA,115
Costa Rica,CRI,2021-01-06,NA,NA,NA,NA,763,NA,NA,NA,150
Costa Rica,CRI,2021-01-07,NA,NA,NA,NA,937,NA,NA,NA,184
Costa Rica,CRI,2021-01-08,9751,9751,NA,NA,1111,0.19,0.19,NA,218
Costa Rica,CRI,2021-01-09,NA,NA,NA,NA,1385,NA,NA,NA,272
Costa Rica,CRI,2021-01-10,NA,NA,NA,NA,1659,NA,NA,NA,326
Costa Rica,CRI,2021-01-11,NA,NA,NA,NA,1759,NA,NA,NA,345
Costa Rica,CRI,2021-01-12,NA,NA,NA,NA,1859,NA,NA,NA,365
Costa Rica,CRI,2021-01-13,NA,NA,NA,NA,1959,NA,NA,NA,385
Costa Rica,CRI,2021-01-14,NA,NA,NA,NA,2058,NA,NA,NA,404
Costa Rica,CRI,2021-01-15,24859,24804,55,NA,2158,0.49,0.49,0,424
Costa Rica,CRI,2021-01-16,NA,NA,NA,NA,2066,NA,NA,NA,406
Costa Rica,CRI,2021-01-17,NA,NA,NA,NA,1973,NA,NA,NA,387
Costa Rica,CRI,2021-01-18,29389,29257,132,NA,1880,0.58,0.57,0,369
Costa Rica,CRI,2021-01-19,NA,NA,NA,NA,1955,NA,NA,NA,384
Costa Rica,CRI,2021-01-20,NA,NA,NA,NA,2029,NA,NA,NA,398
Costa Rica,CRI,2021-01-21,NA,NA,NA,NA,2103,NA,NA,NA,413
Costa Rica,CRI,2021-01-22,NA,NA,NA,NA,2177,NA,NA,NA,427
Costa Rica,CRI,2021-01-23,NA,NA,NA,NA,2344,NA,NA,NA,460
Costa Rica,CRI,2021-01-24,NA,NA,NA,NA,2510,NA,NA,NA,493
Costa Rica,CRI,2021-01-25,48128,45707,2421,NA,2677,0.94,0.9,0.05,526
Costa Rica,CRI,2021-01-26,NA,NA,NA,NA,2490,NA,NA,NA,489
Costa Rica,CRI,2021-01-27,NA,NA,NA,NA,2303,NA,NA,NA,452
Costa Rica,CRI,2021-01-28,NA,NA,NA,NA,2116,NA,NA,NA,415
Costa Rica,CRI,2021-01-29,NA,NA,NA,NA,1929,NA,NA,NA,379
Costa Rica,CRI,2021-01-30,NA,NA,NA,NA,1742,NA,NA,NA,342
Costa Rica,CRI,2021-01-31,NA,NA,NA,NA,1555,NA,NA,NA,305
Costa Rica,CRI,2021-02-01,57701,45863,11838,NA,1368,1.13,0.9,0.23,269
Costa Rica,CRI,2021-02-02,NA,NA,NA,NA,1528,NA,NA,NA,300
Costa Rica,CRI,2021-02-03,NA,NA,NA,NA,1688,NA,NA,NA,331
Costa Rica,CRI,2021-02-04,NA,NA,NA,NA,1848,NA,NA,NA,363
Costa Rica,CRI,2021-02-05,NA,NA,NA,NA,2007,NA,NA,NA,394
Costa Rica,CRI,2021-02-06,NA,NA,NA,NA,2167,NA,NA,NA,425
Costa Rica,CRI,2021-02-07,NA,NA,NA,NA,2327,NA,NA,NA,457
Costa Rica,CRI,2021-02-08,75113,46750,28363,NA,2487,1.47,0.92,0.56,488
Costa Rica,CRI,2021-02-09,NA,NA,NA,NA,2578,NA,NA,NA,506
Costa Rica,CRI,2021-02-10,NA,NA,NA,NA,2668,NA,NA,NA,524
Costa Rica,CRI,2021-02-11,NA,NA,NA,NA,2758,NA,NA,NA,541
Costa Rica,CRI,2021-02-12,NA,NA,NA,NA,2848,NA,NA,NA,559
Costa Rica,CRI,2021-02-13,NA,NA,NA,NA,2939,NA,NA,NA,577
Costa Rica,CRI,2021-02-14,NA,NA,NA,NA,3029,NA,NA,NA,595
Costa Rica,CRI,2021-02-15,96948,54395,42553,NA,3119,1.9,1.07,0.84,612
Costa Rica,CRI,2021-02-16,NA,NA,NA,NA,2760,NA,NA,NA,542
Costa Rica,CRI,2021-02-17,NA,NA,NA,NA,2401,NA,NA,NA,471
Costa Rica,CRI,2021-02-18,NA,NA,NA,NA,2042,NA,NA,NA,401
Costa Rica,CRI,2021-02-19,NA,NA,NA,NA,1683,NA,NA,NA,330
Costa Rica,CRI,2021-02-20,NA,NA,NA,NA,1323,NA,NA,NA,260
Costa Rica,CRI,2021-02-21,NA,NA,NA,NA,964,NA,NA,NA,189
Costa Rica,CRI,2021-02-22,101183,57162,44021,NA,605,1.99,1.12,0.86,119
Costa Rica,CRI,2021-02-23,NA,NA,NA,NA,1511,NA,NA,NA,297
Costa Rica,CRI,2021-02-24,NA,NA,NA,NA,2417,NA,NA,NA,474
Costa Rica,CRI,2021-02-25,NA,NA,NA,NA,3323,NA,NA,NA,652
Costa Rica,CRI,2021-02-26,NA,NA,NA,NA,4229,NA,NA,NA,830
Costa Rica,CRI,2021-02-27,NA,NA,NA,NA,5135,NA,NA,NA,1008
Costa Rica,CRI,2021-02-28,NA,NA,NA,NA,6041,NA,NA,NA,1186
Costa Rica,CRI,2021-03-01,149812,103695,46117,NA,6947,2.94,2.04,0.91,1364
Costa Rica,CRI,2021-03-02,NA,NA,NA,NA,7507,NA,NA,NA,1474
Costa Rica,CRI,2021-03-03,NA,NA,NA,NA,8066,NA,NA,NA,1583
Costa Rica,CRI,2021-03-04,NA,NA,NA,NA,8626,NA,NA,NA,1693
Costa Rica,CRI,2021-03-05,193273,142049,51224,NA,9186,3.79,2.79,1.01,1803
Costa Rica,CRI,2021-03-06,NA,NA,NA,NA,8732,NA,NA,NA,1714
Costa Rica,CRI,2021-03-07,NA,NA,NA,NA,8279,NA,NA,NA,1625
Costa Rica,CRI,2021-03-08,204586,151841,52745,NA,7825,4.02,2.98,1.04,1536
Costa Rica,CRI,2021-03-09,NA,NA,NA,NA,7599,NA,NA,NA,1492
Costa Rica,CRI,2021-03-10,NA,NA,NA,NA,7373,NA,NA,NA,1447
Costa Rica,CRI,2021-03-11,NA,NA,NA,NA,7147,NA,NA,NA,1403
Costa Rica,CRI,2021-03-12,241724,187826,53898,NA,6922,4.75,3.69,1.06,1359
Costa Rica,CRI,2021-03-13,NA,NA,NA,NA,6686,NA,NA,NA,1312
Costa Rica,CRI,2021-03-14,NA,NA,NA,NA,6450,NA,NA,NA,1266
Costa Rica,CRI,2021-03-15,248082,190088,57994,NA,6214,4.87,3.73,1.14,1220
Costa Rica,CRI,2021-03-16,NA,NA,NA,NA,6200,NA,NA,NA,1217
Costa Rica,CRI,2021-03-17,NA,NA,NA,NA,6187,NA,NA,NA,1215
Costa Rica,CRI,2021-03-18,NA,NA,NA,NA,6174,NA,NA,NA,1212
Costa Rica,CRI,2021-03-19,NA,NA,NA,NA,6161,NA,NA,NA,1209
Costa Rica,CRI,2021-03-20,NA,NA,NA,NA,7171,NA,NA,NA,1408
Costa Rica,CRI,2021-03-21,NA,NA,NA,NA,8181,NA,NA,NA,1606
Costa Rica,CRI,2021-03-22,312425,206198,106227,NA,9192,6.13,4.05,2.09,1804
Costa Rica,CRI,2021-03-23,NA,NA,NA,NA,10422,NA,NA,NA,2046
Costa Rica,CRI,2021-03-24,348037,213404,134633,NA,11653,6.83,4.19,2.64,2288
Costa Rica,CRI,2021-03-25,NA,NA,NA,NA,11378,NA,NA,NA,2234
Costa Rica,CRI,2021-03-26,NA,NA,NA,NA,11102,NA,NA,NA,2179
Costa Rica,CRI,2021-03-27,NA,NA,NA,NA,10827,NA,NA,NA,2125
Costa Rica,CRI,2021-03-28,NA,NA,NA,NA,10551,NA,NA,NA,2071
Costa Rica,CRI,2021-03-29,384355,224092,160263,NA,10276,7.55,4.4,3.15,2017
Costa Rica,CRI,2021-03-30,NA,NA,NA,NA,9885,NA,NA,NA,1940
Costa Rica,CRI,2021-03-31,NA,NA,NA,NA,9495,NA,NA,NA,1864
Costa Rica,CRI,2021-04-01,NA,NA,NA,NA,10610,NA,NA,NA,2083
Costa Rica,CRI,2021-04-02,NA,NA,NA,NA,11725,NA,NA,NA,2302
Costa Rica,CRI,2021-04-03,NA,NA,NA,NA,12841,NA,NA,NA,2521
Costa Rica,CRI,2021-04-04,NA,NA,NA,NA,13956,NA,NA,NA,2740
Costa Rica,CRI,2021-04-05,NA,NA,NA,NA,15072,NA,NA,NA,2959
Costa Rica,CRI,2021-04-06,504930,291368,213562,NA,15072,9.91,5.72,4.19,2959
Costa Rica,CRI,2021-04-07,NA,NA,NA,NA,14868,NA,NA,NA,2919
Costa Rica,CRI,2021-04-08,NA,NA,NA,NA,14664,NA,NA,NA,2879
Costa Rica,CRI,2021-04-09,NA,NA,NA,NA,14460,NA,NA,NA,2839
Costa Rica,CRI,2021-04-10,NA,NA,NA,NA,14256,NA,NA,NA,2799
Costa Rica,CRI,2021-04-11,NA,NA,NA,NA,14053,NA,NA,NA,2759
Costa Rica,CRI,2021-04-12,586799,354291,232508,NA,13849,11.52,6.95,4.56,2719
Costa Rica,CRI,2021-04-13,NA,NA,NA,NA,13972,NA,NA,NA,2743
Costa Rica,CRI,2021-04-14,NA,NA,NA,NA,14298,NA,NA,NA,2807
Costa Rica,CRI,2021-04-15,NA,NA,NA,NA,14625,NA,NA,NA,2871
Costa Rica,CRI,2021-04-16,NA,NA,NA,NA,14952,NA,NA,NA,2935
Costa Rica,CRI,2021-04-17,NA,NA,NA,NA,15279,NA,NA,NA,2999
Costa Rica,CRI,2021-04-18,NA,NA,NA,NA,15606,NA,NA,NA,3064
Costa Rica,CRI,2021-04-19,698327,450593,247734,NA,15933,13.71,8.85,4.86,3128
Costa Rica,CRI,2021-04-20,NA,NA,NA,NA,16117,NA,NA,NA,3164
Costa Rica,CRI,2021-04-21,NA,NA,NA,NA,16301,NA,NA,NA,3200
Costa Rica,CRI,2021-04-22,NA,NA,NA,NA,16485,NA,NA,NA,3236
Costa Rica,CRI,2021-04-23,NA,NA,NA,NA,16670,NA,NA,NA,3272
Costa Rica,CRI,2021-04-24,NA,NA,NA,NA,16854,NA,NA,NA,3309
Costa Rica,CRI,2021-04-25,NA,NA,NA,NA,17038,NA,NA,NA,3345
Costa Rica,CRI,2021-04-26,818884,538682,280202,NA,17222,16.08,10.57,5.5,3381
Costa Rica,CRI,2021-04-27,NA,NA,NA,NA,17443,NA,NA,NA,3424
Costa Rica,CRI,2021-04-28,NA,NA,NA,NA,17664,NA,NA,NA,3468
Costa Rica,CRI,2021-04-29,NA,NA,NA,NA,17884,NA,NA,NA,3511
Costa Rica,CRI,2021-04-30,NA,NA,NA,NA,18105,NA,NA,NA,3554
Costa Rica,CRI,2021-05-01,NA,NA,NA,NA,18326,NA,NA,NA,3597
Costa Rica,CRI,2021-05-02,NA,NA,NA,NA,18546,NA,NA,NA,3641
Costa Rica,CRI,2021-05-03,950252,605099,345153,NA,18767,18.65,11.88,6.78,3684
Costa Rica,CRI,2021-05-04,NA,NA,NA,NA,19018,NA,NA,NA,3733
Costa Rica,CRI,2021-05-05,NA,NA,NA,NA,19269,NA,NA,NA,3783
Costa Rica,CRI,2021-05-06,NA,NA,NA,NA,19521,NA,NA,NA,3832
Costa Rica,CRI,2021-05-07,NA,NA,NA,NA,19772,NA,NA,NA,3881
Costa Rica,CRI,2021-05-08,NA,NA,NA,NA,20023,NA,NA,NA,3931
Costa Rica,CRI,2021-05-09,NA,NA,NA,NA,20274,NA,NA,NA,3980
Costa Rica,CRI,2021-05-10,1093931,657301,436630,NA,20526,21.47,12.9,8.57,4029
Costa Rica,CRI,2021-05-11,NA,NA,NA,NA,20817,NA,NA,NA,4086
Costa Rica,CRI,2021-05-12,NA,NA,NA,NA,21109,NA,NA,NA,4144
Costa Rica,CRI,2021-05-13,NA,NA,NA,NA,21400,NA,NA,NA,4201
Costa Rica,CRI,2021-05-14,NA,NA,NA,NA,21692,NA,NA,NA,4258
Costa Rica,CRI,2021-05-15,NA,NA,NA,NA,21984,NA,NA,NA,4316
Costa Rica,CRI,2021-05-16,NA,NA,NA,NA,22275,NA,NA,NA,4373
Costa Rica,CRI,2021-05-17,1251900,721882,530018,NA,22567,24.58,14.17,10.4,4430
Costa Rica,CRI,2021-05-18,NA,NA,NA,NA,23545,NA,NA,NA,4622
Costa Rica,CRI,2021-05-19,NA,NA,NA,NA,24523,NA,NA,NA,4814
Costa Rica,CRI,2021-05-20,NA,NA,NA,NA,25502,NA,NA,NA,5006
Costa Rica,CRI,2021-05-21,NA,NA,NA,NA,26480,NA,NA,NA,5198
Costa Rica,CRI,2021-05-22,NA,NA,NA,NA,27458,NA,NA,NA,5390
Costa Rica,CRI,2021-05-23,NA,NA,NA,NA,28436,NA,NA,NA,5582
Costa Rica,CRI,2021-05-24,1457802,867517,590285,NA,29415,28.62,17.03,11.59,5774
Costa Rica,CRI,2021-05-25,NA,NA,NA,NA,28800,NA,NA,NA,5654
Costa Rica,CRI,2021-05-26,NA,NA,NA,NA,28185,NA,NA,NA,5533
Costa Rica,CRI,2021-05-27,NA,NA,NA,NA,27570,NA,NA,NA,5412
Costa Rica,CRI,2021-05-28,NA,NA,NA,NA,26955,NA,NA,NA,5291
Costa Rica,CRI,2021-05-29,NA,NA,NA,NA,26340,NA,NA,NA,5171
Costa Rica,CRI,2021-05-30,NA,NA,NA,NA,25725,NA,NA,NA,5050
Costa Rica,CRI,2021-05-31,NA,NA,NA,NA,25110,NA,NA,NA,4929
Costa Rica,CRI,2021-06-01,1658685,1012339,646346,NA,25110,32.56,19.87,12.69,4929
Costa Rica,CRI,2021-06-02,NA,NA,NA,NA,27416,NA,NA,NA,5382
Costa Rica,CRI,2021-06-03,NA,NA,NA,NA,29721,NA,NA,NA,5834
Costa Rica,CRI,2021-06-04,NA,NA,NA,NA,32027,NA,NA,NA,6287
Costa Rica,CRI,2021-06-05,NA,NA,NA,NA,34332,NA,NA,NA,6740
Costa Rica,CRI,2021-06-06,NA,NA,NA,NA,36638,NA,NA,NA,7192
Costa Rica,CRI,2021-06-07,1906177,1219551,686626,NA,38943,37.42,23.94,13.48,7645
Costa Rica,CRI,2021-06-08,NA,NA,NA,NA,40343,NA,NA,NA,7920
Costa Rica,CRI,2021-06-09,NA,NA,NA,NA,39437,NA,NA,NA,7742
Costa Rica,CRI,2021-06-10,NA,NA,NA,NA,38530,NA,NA,NA,7564
Costa Rica,CRI,2021-06-11,NA,NA,NA,NA,37624,NA,NA,NA,7386
Costa Rica,CRI,2021-06-12,NA,NA,NA,NA,36718,NA,NA,NA,7208
Costa Rica,CRI,2021-06-13,NA,NA,NA,NA,35812,NA,NA,NA,7030
Costa Rica,CRI,2021-06-14,2150520,1409778,740742,NA,34906,42.22,27.67,14.54,6852
Costa Rica,CRI,2021-06-15,NA,NA,NA,NA,33143,NA,NA,NA,6506
Costa Rica,CRI,2021-06-16,NA,NA,NA,NA,31380,NA,NA,NA,6160
Costa Rica,CRI,2021-06-17,NA,NA,NA,NA,29617,NA,NA,NA,5814
Costa Rica,CRI,2021-06-18,NA,NA,NA,NA,27853,NA,NA,NA,5468
Costa Rica,CRI,2021-06-19,NA,NA,NA,NA,26090,NA,NA,NA,5122
Costa Rica,CRI,2021-06-20,NA,NA,NA,NA,24327,NA,NA,NA,4776
Costa Rica,CRI,2021-06-21,NA,NA,NA,NA,22564,NA,NA,NA,4429
Costa Rica,CRI,2021-06-22,2331030,1535967,795063,NA,22564,45.76,30.15,15.61,4429
Costa Rica,CRI,2021-06-23,NA,NA,NA,NA,21944,NA,NA,NA,4308
Costa Rica,CRI,2021-06-24,NA,NA,NA,NA,21324,NA,NA,NA,4186
Costa Rica,CRI,2021-06-25,NA,NA,NA,NA,20705,NA,NA,NA,4064
Costa Rica,CRI,2021-06-26,NA,NA,NA,NA,20085,NA,NA,NA,3943
Costa Rica,CRI,2021-06-27,NA,NA,NA,NA,19465,NA,NA,NA,3821
Costa Rica,CRI,2021-06-28,2440385,1629222,811163,NA,18846,47.91,31.98,15.92,3700
Costa Rica,CRI,2021-06-29,NA,NA,NA,NA,17284,NA,NA,NA,3393
Costa Rica,CRI,2021-06-30,NA,NA,NA,NA,16341,NA,NA,NA,3208
Costa Rica,CRI,2021-07-01,NA,NA,NA,NA,15399,NA,NA,NA,3023
Costa Rica,CRI,2021-07-02,NA,NA,NA,NA,14457,NA,NA,NA,2838
Costa Rica,CRI,2021-07-03,NA,NA,NA,NA,13515,NA,NA,NA,2653
Costa Rica,CRI,2021-07-04,NA,NA,NA,NA,12572,NA,NA,NA,2468
Costa Rica,CRI,2021-07-05,2521795,1704864,816931,NA,11630,49.5,33.47,16.04,2283
Costa Rica,CRI,2021-07-06,NA,NA,NA,NA,11486,NA,NA,NA,2255
Costa Rica,CRI,2021-07-07,NA,NA,NA,NA,11343,NA,NA,NA,2227
Costa Rica,CRI,2021-07-08,NA,NA,NA,NA,11199,NA,NA,NA,2198
Costa Rica,CRI,2021-07-09,NA,NA,NA,NA,11055,NA,NA,NA,2170
Costa Rica,CRI,2021-07-10,NA,NA,NA,NA,10912,NA,NA,NA,2142
Costa Rica,CRI,2021-07-11,NA,NA,NA,NA,10768,NA,NA,NA,2114
Costa Rica,CRI,2021-07-12,NA,NA,NA,NA,10624,NA,NA,NA,2086
Costa Rica,CRI,2021-07-13,2606791,1783949,822842,NA,10624,51.17,35.02,16.15,2086
El Salvador,SLV,2021-02-17,0,0,NA,NA,NA,0,0,NA,NA
El Salvador,SLV,2021-02-18,NA,NA,NA,NA,1200,NA,NA,NA,185
El Salvador,SLV,2021-02-19,NA,NA,NA,NA,1200,NA,NA,NA,185
El Salvador,SLV,2021-02-20,NA,NA,NA,NA,1200,NA,NA,NA,185
El Salvador,SLV,2021-02-21,NA,NA,NA,NA,1200,NA,NA,NA,185
El Salvador,SLV,2021-02-22,6000,6000,NA,NA,1200,0.09,0.09,NA,185
El Salvador,SLV,2021-02-23,NA,NA,NA,NA,1556,NA,NA,NA,240
El Salvador,SLV,2021-02-24,NA,NA,NA,NA,1810,NA,NA,NA,279
El Salvador,SLV,2021-02-25,16000,16000,NA,NA,2114,0.25,0.25,NA,326
El Salvador,SLV,2021-02-26,NA,NA,NA,NA,2018,NA,NA,NA,311
El Salvador,SLV,2021-02-27,NA,NA,NA,NA,1923,NA,NA,NA,296
El Salvador,SLV,2021-02-28,NA,NA,NA,NA,1827,NA,NA,NA,282
El Salvador,SLV,2021-03-01,NA,NA,NA,NA,1731,NA,NA,NA,267
El Salvador,SLV,2021-03-02,NA,NA,NA,NA,1331,NA,NA,NA,205
El Salvador,SLV,2021-03-03,NA,NA,NA,NA,930,NA,NA,NA,143
El Salvador,SLV,2021-03-04,NA,NA,NA,NA,529,NA,NA,NA,82
El Salvador,SLV,2021-03-05,NA,NA,NA,NA,529,NA,NA,NA,82
El Salvador,SLV,2021-03-06,NA,NA,NA,NA,529,NA,NA,NA,82
El Salvador,SLV,2021-03-07,NA,NA,NA,NA,529,NA,NA,NA,82
El Salvador,SLV,2021-03-08,NA,NA,NA,NA,529,NA,NA,NA,82
El Salvador,SLV,2021-03-09,NA,NA,NA,NA,529,NA,NA,NA,82
El Salvador,SLV,2021-03-10,NA,NA,NA,NA,529,NA,NA,NA,82
El Salvador,SLV,2021-03-11,NA,NA,NA,NA,529,NA,NA,NA,82
El Salvador,SLV,2021-03-12,NA,NA,NA,NA,529,NA,NA,NA,82
El Salvador,SLV,2021-03-13,NA,NA,NA,NA,529,NA,NA,NA,82
El Salvador,SLV,2021-03-14,25000,25000,NA,NA,529,0.39,0.39,NA,82
El Salvador,SLV,2021-03-15,NA,NA,NA,NA,978,NA,NA,NA,151
El Salvador,SLV,2021-03-16,NA,NA,NA,NA,1426,NA,NA,NA,220
El Salvador,SLV,2021-03-17,36000,36000,NA,NA,1874,0.56,0.56,NA,289
El Salvador,SLV,2021-03-18,41512,41512,NA,5512,2586,0.64,0.64,NA,399
El Salvador,SLV,2021-03-19,NA,NA,NA,NA,2867,NA,NA,NA,442
El Salvador,SLV,2021-03-20,NA,NA,NA,NA,3148,NA,NA,NA,485
El Salvador,SLV,2021-03-21,49000,49000,NA,NA,3429,0.76,0.76,NA,529
El Salvador,SLV,2021-03-22,NA,NA,NA,NA,3333,NA,NA,NA,514
El Salvador,SLV,2021-03-23,NA,NA,NA,NA,3238,NA,NA,NA,499
El Salvador,SLV,2021-03-24,NA,NA,NA,NA,3143,NA,NA,NA,485
El Salvador,SLV,2021-03-25,NA,NA,NA,NA,2784,NA,NA,NA,429
El Salvador,SLV,2021-03-26,NA,NA,NA,NA,2856,NA,NA,NA,440
El Salvador,SLV,2021-03-27,NA,NA,NA,NA,2928,NA,NA,NA,451
El Salvador,SLV,2021-03-28,70000,70000,NA,NA,3000,1.08,1.08,NA,463
El Salvador,SLV,2021-03-29,NA,NA,NA,NA,3993,NA,NA,NA,616
El Salvador,SLV,2021-03-30,NA,NA,NA,NA,4986,NA,NA,NA,769
El Salvador,SLV,2021-03-31,99855,99855,NA,NA,5979,1.54,1.54,NA,922
El Salvador,SLV,2021-04-01,120476,120476,NA,20621,8497,1.86,1.86,NA,1310
El Salvador,SLV,2021-04-02,133330,133330,NA,12854,9904,2.06,2.06,NA,1527
El Salvador,SLV,2021-04-03,NA,NA,NA,NA,10238,NA,NA,NA,1578
El Salvador,SLV,2021-04-04,NA,NA,NA,NA,10571,NA,NA,NA,1630
El Salvador,SLV,2021-04-05,NA,NA,NA,NA,9911,NA,NA,NA,1528
El Salvador,SLV,2021-04-06,NA,NA,NA,NA,9252,NA,NA,NA,1426
El Salvador,SLV,2021-04-07,160000,160000,NA,NA,8592,2.47,2.47,NA,1325
El Salvador,SLV,2021-04-08,NA,NA,NA,NA,7075,NA,NA,NA,1091
El Salvador,SLV,2021-04-09,180000,180000,NA,NA,6667,2.78,2.78,NA,1028
El Salvador,SLV,2021-04-10,NA,NA,NA,NA,7334,NA,NA,NA,1131
El Salvador,SLV,2021-04-11,200000,200000,NA,NA,8000,3.08,3.08,NA,1233
El Salvador,SLV,2021-04-12,264159,NA,NA,64159,16404,4.07,NA,NA,2529
El Salvador,SLV,2021-04-13,310793,308426,2367,46634,22304,4.79,4.76,0.04,3439
El Salvador,SLV,2021-04-14,361474,355941,5533,50681,28782,5.57,5.49,0.09,4437
El Salvador,SLV,2021-04-15,410810,401179,9631,49336,34401,6.33,6.19,0.15,5304
El Salvador,SLV,2021-04-16,460565,445109,15456,49755,40081,7.1,6.86,0.24,6179
El Salvador,SLV,2021-04-17,502013,483638,18375,41448,44573,7.74,7.46,0.28,6872
El Salvador,SLV,2021-04-18,NA,NA,NA,NA,46398,NA,NA,NA,7153
El Salvador,SLV,2021-04-19,547566,NA,NA,NA,40487,8.44,NA,NA,6242
El Salvador,SLV,2021-04-20,622912,NA,NA,75346,44588,9.6,NA,NA,6874
El Salvador,SLV,2021-04-21,NA,NA,NA,NA,39761,NA,NA,NA,6130
El Salvador,SLV,2021-04-22,656687,632613,24074,NA,35125,10.12,9.75,0.37,5415
El Salvador,SLV,2021-04-23,698569,674495,24074,41882,34001,10.77,10.4,0.37,5242
El Salvador,SLV,2021-04-24,NA,NA,NA,NA,30319,NA,NA,NA,4674
El Salvador,SLV,2021-04-25,NA,NA,NA,NA,29305,NA,NA,NA,4518
El Salvador,SLV,2021-04-26,745602,718089,27513,NA,28291,11.5,11.07,0.42,4362
El Salvador,SLV,2021-04-27,788173,747918,40255,42571,23609,12.15,11.53,0.62,3640
El Salvador,SLV,2021-04-28,833959,775959,58000,45786,27737,12.86,11.96,0.89,4276
El Salvador,SLV,2021-04-29,875069,806790,68279,41110,31197,13.49,12.44,1.05,4810
El Salvador,SLV,2021-04-30,915725,839870,75855,40656,31022,14.12,12.95,1.17,4783
El Salvador,SLV,2021-05-01,NA,NA,NA,NA,31476,NA,NA,NA,4853
El Salvador,SLV,2021-05-02,NA,NA,NA,NA,31929,NA,NA,NA,4923
El Salvador,SLV,2021-05-03,NA,NA,NA,NA,32383,NA,NA,NA,4993
El Salvador,SLV,2021-05-04,991133,890109,101024,NA,28994,15.28,13.72,1.56,4470
El Salvador,SLV,2021-05-05,1029887,917399,112488,38754,27990,15.88,14.14,1.73,4315
El Salvador,SLV,2021-05-06,1068428,941508,126920,38541,27623,16.47,14.52,1.96,4259
El Salvador,SLV,2021-05-07,1114544,958828,155716,46116,28403,17.18,14.78,2.4,4379
El Salvador,SLV,2021-05-08,NA,NA,NA,NA,27607,NA,NA,NA,4256
El Salvador,SLV,2021-05-09,NA,NA,NA,NA,26811,NA,NA,NA,4134
El Salvador,SLV,2021-05-10,NA,NA,NA,NA,26016,NA,NA,NA,4011
El Salvador,SLV,2021-05-11,1167672,969970,197702,NA,25220,18,14.95,3.05,3888
El Salvador,SLV,2021-05-12,NA,NA,NA,NA,26319,NA,NA,NA,4058
El Salvador,SLV,2021-05-13,1260574,995901,264673,NA,27449,19.43,15.35,4.08,4232
El Salvador,SLV,2021-05-14,1310249,1012645,297604,49675,27958,20.2,15.61,4.59,4310
El Salvador,SLV,2021-05-15,1350587,1024727,325860,40338,31823,20.82,15.8,5.02,4906
El Salvador,SLV,2021-05-16,NA,NA,NA,NA,33626,NA,NA,NA,5184
El Salvador,SLV,2021-05-17,1402386,1036121,366265,NA,35428,21.62,15.97,5.65,5462
El Salvador,SLV,2021-05-18,1451933,1051425,400508,49547,40609,22.38,16.21,6.17,6261
El Salvador,SLV,2021-05-19,1497261,1066112,431149,45328,40448,23.08,16.44,6.65,6236
El Salvador,SLV,2021-05-20,1543904,1079935,463969,46643,40476,23.8,16.65,7.15,6240
El Salvador,SLV,2021-05-21,1598841,1083936,514905,54937,41227,24.65,16.71,7.94,6356
El Salvador,SLV,2021-05-22,1642451,1097762,544689,43610,41695,25.32,16.92,8.4,6428
El Salvador,SLV,2021-05-23,NA,NA,NA,NA,41619,NA,NA,NA,6417
El Salvador,SLV,2021-05-24,1693183,1101172,592011,NA,41542,26.1,16.98,9.13,6405
El Salvador,SLV,2021-05-25,1741651,1109726,631925,48468,41388,26.85,17.11,9.74,6381
El Salvador,SLV,2021-05-26,1787527,1115104,672423,45876,41467,27.56,17.19,10.37,6393
El Salvador,SLV,2021-05-27,1832228,1118980,713248,44701,41189,28.25,17.25,11,6350
El Salvador,SLV,2021-05-28,NA,NA,NA,NA,36682,NA,NA,NA,5655
El Salvador,SLV,2021-05-29,NA,NA,NA,NA,33793,NA,NA,NA,5210
El Salvador,SLV,2021-05-30,NA,NA,NA,NA,33510,NA,NA,NA,5166
El Salvador,SLV,2021-05-31,1925770,1140890,784880,NA,33227,29.69,17.59,12.1,5123
El Salvador,SLV,2021-06-01,1971247,1153150,818097,45477,32799,30.39,17.78,12.61,5057
El Salvador,SLV,2021-06-02,2015408,1169097,846311,44161,32554,31.07,18.02,13.05,5019
El Salvador,SLV,2021-06-03,NA,NA,NA,NA,29935,NA,NA,NA,4615
El Salvador,SLV,2021-06-04,NA,NA,NA,NA,30360,NA,NA,NA,4681
El Salvador,SLV,2021-06-05,NA,NA,NA,NA,30786,NA,NA,NA,4746
El Salvador,SLV,2021-06-06,NA,NA,NA,NA,31211,NA,NA,NA,4812
El Salvador,SLV,2021-06-07,2147224,1245684,901540,NA,31636,33.1,19.21,13.9,4877
El Salvador,SLV,2021-06-08,NA,NA,NA,NA,31150,NA,NA,NA,4803
El Salvador,SLV,2021-06-09,2231365,1300747,930618,NA,30851,34.4,20.05,14.35,4756
El Salvador,SLV,2021-06-10,NA,NA,NA,NA,32768,NA,NA,NA,5052
El Salvador,SLV,2021-06-11,2310924,1345716,965208,NA,34684,35.63,20.75,14.88,5347
El Salvador,SLV,2021-06-12,NA,NA,NA,NA,33704,NA,NA,NA,5196
El Salvador,SLV,2021-06-13,NA,NA,NA,NA,32724,NA,NA,NA,5045
El Salvador,SLV,2021-06-14,NA,NA,NA,NA,31743,NA,NA,NA,4894
El Salvador,SLV,2021-06-15,2388927,1384489,1004438,NA,28519,36.83,21.35,15.49,4397
El Salvador,SLV,2021-06-16,2427457,1407787,1019670,38530,28013,37.42,21.7,15.72,4319
El Salvador,SLV,2021-06-17,NA,NA,NA,NA,25124,NA,NA,NA,3873
El Salvador,SLV,2021-06-18,2466561,1425927,1040634,NA,22234,38.03,21.98,16.04,3428
El Salvador,SLV,2021-06-19,NA,NA,NA,NA,21338,NA,NA,NA,3290
El Salvador,SLV,2021-06-20,NA,NA,NA,NA,20443,NA,NA,NA,3152
El Salvador,SLV,2021-06-21,2506257,1445369,1060888,NA,19547,38.64,22.28,16.36,3014
El Salvador,SLV,2021-06-22,2546316,1475388,1070928,40059,22484,39.26,22.75,16.51,3466
El Salvador,SLV,2021-06-23,2586522,1508453,1078069,40206,22724,39.88,23.26,16.62,3503
El Salvador,SLV,2021-06-24,NA,NA,NA,NA,26222,NA,NA,NA,4043
El Salvador,SLV,2021-06-25,2674605,1585582,1089023,NA,29721,41.24,24.45,16.79,4582
El Salvador,SLV,2021-06-26,NA,NA,NA,NA,31915,NA,NA,NA,4920
El Salvador,SLV,2021-06-27,NA,NA,NA,NA,34110,NA,NA,NA,5259
El Salvador,SLV,2021-06-28,NA,NA,NA,NA,36305,NA,NA,NA,5597
El Salvador,SLV,2021-06-29,NA,NA,NA,NA,34667,NA,NA,NA,5345
El Salvador,SLV,2021-06-30,NA,NA,NA,NA,33009,NA,NA,NA,5089
El Salvador,SLV,2021-07-01,2846177,1703849,1142328,NA,30802,43.88,26.27,17.61,4749
El Salvador,SLV,2021-07-02,2890503,1727992,1162511,44326,30843,44.56,26.64,17.92,4755
El Salvador,SLV,2021-07-03,NA,NA,NA,NA,30130,NA,NA,NA,4645
El Salvador,SLV,2021-07-04,NA,NA,NA,NA,29417,NA,NA,NA,4535
El Salvador,SLV,2021-07-05,NA,NA,NA,NA,28705,NA,NA,NA,4426
El Salvador,SLV,2021-07-06,2984932,1775190,1209742,NA,27992,46.02,27.37,18.65,4316
El Salvador,SLV,2021-07-07,NA,NA,NA,NA,34764,NA,NA,NA,5360
El Salvador,SLV,2021-07-08,3136924,1891203,1245721,NA,41535,48.36,29.16,19.21,6404
El Salvador,SLV,2021-07-09,3212880,1951564,1261316,75956,46054,49.53,30.09,19.45,7100
El Salvador,SLV,2021-07-10,NA,NA,NA,NA,46068,NA,NA,NA,7102
El Salvador,SLV,2021-07-11,NA,NA,NA,NA,46082,NA,NA,NA,7105
El Salvador,SLV,2021-07-12,3283993,2011356,1272637,NA,46095,50.63,31.01,19.62,7107
El Salvador,SLV,2021-07-13,3352783,2064686,1288097,68790,52550,51.69,31.83,19.86,8102
El Salvador,SLV,2021-07-14,3422214,2118271,1303943,69431,51612,52.76,32.66,20.1,7957
El Salvador,SLV,2021-07-15,NA,NA,NA,NA,50840,NA,NA,NA,7838
El Salvador,SLV,2021-07-16,3563392,2239434,1323958,NA,50073,54.94,34.53,20.41,7720
El Salvador,SLV,2021-07-17,NA,NA,NA,NA,50252,NA,NA,NA,7748
El Salvador,SLV,2021-07-18,NA,NA,NA,NA,50431,NA,NA,NA,7775
El Salvador,SLV,2021-07-19,3638261,2300055,1338206,NA,50610,56.09,35.46,20.63,7803
Guatemala,GTM,2021-02-25,0,0,NA,NA,NA,0,0,NA,NA
Guatemala,GTM,2021-02-26,NA,NA,NA,NA,1112,NA,NA,NA,62
Guatemala,GTM,2021-02-27,2224,2224,NA,NA,1112,0.01,0.01,NA,62
Guatemala,GTM,2021-02-28,NA,NA,NA,NA,775,NA,NA,NA,43
Guatemala,GTM,2021-03-01,2427,2427,NA,NA,607,0.01,0.01,NA,34
Guatemala,GTM,2021-03-02,NA,NA,NA,NA,836,NA,NA,NA,47
Guatemala,GTM,2021-03-03,NA,NA,NA,NA,988,NA,NA,NA,55
Guatemala,GTM,2021-03-04,NA,NA,NA,NA,1098,NA,NA,NA,61
Guatemala,GTM,2021-03-05,NA,NA,NA,NA,1189,NA,NA,NA,66
Guatemala,GTM,2021-03-06,NA,NA,NA,NA,1280,NA,NA,NA,71
Guatemala,GTM,2021-03-07,NA,NA,NA,NA,1516,NA,NA,NA,85
Guatemala,GTM,2021-03-08,NA,NA,NA,NA,1752,NA,NA,NA,98
Guatemala,GTM,2021-03-09,NA,NA,NA,NA,1752,NA,NA,NA,98
Guatemala,GTM,2021-03-10,NA,NA,NA,NA,1752,NA,NA,NA,98
Guatemala,GTM,2021-03-11,19947,19947,NA,NA,1752,0.11,0.11,NA,98
Guatemala,GTM,2021-03-12,28534,28534,NA,8587,2728,0.16,0.16,NA,152
Guatemala,GTM,2021-03-13,30890,30890,NA,2356,2815,0.17,0.17,NA,157
Guatemala,GTM,2021-03-14,34217,34217,NA,3327,3040,0.19,0.19,NA,170
Guatemala,GTM,2021-03-15,42330,42330,NA,8113,3948,0.24,0.24,NA,220
Guatemala,GTM,2021-03-16,48130,48130,NA,5800,4527,0.27,0.27,NA,253
Guatemala,GTM,2021-03-17,55060,55060,NA,6930,5266,0.31,0.31,NA,294
Guatemala,GTM,2021-03-18,60182,60182,NA,5122,5748,0.34,0.34,NA,321
Guatemala,GTM,2021-03-19,66399,66399,NA,6217,5409,0.37,0.37,NA,302
Guatemala,GTM,2021-03-20,68852,68852,NA,2453,5423,0.38,0.38,NA,303
Guatemala,GTM,2021-03-21,69266,69266,NA,414,5007,0.39,0.39,NA,279
Guatemala,GTM,2021-03-22,72405,72405,NA,3139,4296,0.4,0.4,NA,240
Guatemala,GTM,2021-03-23,78350,78350,NA,5945,4317,0.44,0.44,NA,241
Guatemala,GTM,2021-03-24,83076,83076,NA,4726,4002,0.46,0.46,NA,223
Guatemala,GTM,2021-03-25,88694,88694,NA,5618,4073,0.5,0.5,NA,227
Guatemala,GTM,2021-03-26,91918,91918,NA,3224,3646,0.51,0.51,NA,204
Guatemala,GTM,2021-03-27,93601,93231,370,1683,3536,0.52,0.52,0,197
Guatemala,GTM,2021-03-28,94272,93902,370,671,3572,0.53,0.52,0,199
Guatemala,GTM,2021-03-29,98920,98402,518,4648,3788,0.55,0.55,0,211
Guatemala,GTM,2021-03-30,104919,103959,960,5999,3796,0.59,0.58,0.01,212
Guatemala,GTM,2021-03-31,108165,106973,1192,3246,3584,0.6,0.6,0.01,200
Guatemala,GTM,2021-04-01,110438,109246,1192,2273,3106,0.62,0.61,0.01,173
Guatemala,GTM,2021-04-02,112751,111559,1192,2313,2976,0.63,0.62,0.01,166
Guatemala,GTM,2021-04-03,114511,113319,1192,1760,2987,0.64,0.63,0.01,167
Guatemala,GTM,2021-04-04,116221,115029,1192,1710,3136,0.65,0.64,0.01,175
Guatemala,GTM,2021-04-05,119558,118325,1233,3337,2948,0.67,0.66,0.01,165
Guatemala,GTM,2021-04-06,123473,121848,1625,3915,2651,0.69,0.68,0.01,148
Guatemala,GTM,2021-04-07,127945,126320,1625,4472,2826,0.71,0.71,0.01,158
Guatemala,GTM,2021-04-08,132611,130985,1626,4666,3168,0.74,0.73,0.01,177
Guatemala,GTM,2021-04-09,137716,136077,1639,5105,3566,0.77,0.76,0.01,199
Guatemala,GTM,2021-04-10,139010,137371,1639,1294,3500,0.78,0.77,0.01,195
Guatemala,GTM,2021-04-11,139490,137851,1639,480,3324,0.78,0.77,0.01,186
Guatemala,GTM,2021-04-12,143488,141766,1722,3998,3419,0.8,0.79,0.01,191
Guatemala,GTM,2021-04-13,147614,145795,1819,4126,3449,0.82,0.81,0.01,193
Guatemala,GTM,2021-04-14,150898,149078,1820,3284,3279,0.84,0.83,0.01,183
Guatemala,GTM,2021-04-15,154556,152733,1823,3658,3135,0.86,0.85,0.01,175
Guatemala,GTM,2021-04-16,157745,155919,1826,3189,2861,0.88,0.87,0.01,160
Guatemala,GTM,2021-04-17,157799,155973,1826,54,2684,0.88,0.87,0.01,150
Guatemala,GTM,2021-04-18,157800,155974,1826,1,2616,0.88,0.87,0.01,146
Guatemala,GTM,2021-04-19,158918,157092,1826,1118,2204,0.89,0.88,0.01,123
Guatemala,GTM,2021-04-20,160370,158543,1827,1452,1822,0.9,0.88,0.01,102
Guatemala,GTM,2021-04-21,162110,160282,1828,1740,1602,0.9,0.89,0.01,89
Guatemala,GTM,2021-04-22,163438,161608,1830,1328,1269,0.91,0.9,0.01,71
Guatemala,GTM,2021-04-23,165271,163431,1840,1833,1075,0.92,0.91,0.01,60
Guatemala,GTM,2021-04-24,NA,NA,NA,NA,1112,NA,NA,NA,62
Guatemala,GTM,2021-04-25,NA,NA,NA,NA,1157,NA,NA,NA,65
Guatemala,GTM,2021-04-26,166209,164368,1841,NA,1042,0.93,0.92,0.01,58
Guatemala,GTM,2021-04-27,167447,165549,1898,1238,1011,0.93,0.92,0.01,56
Guatemala,GTM,2021-04-28,168367,166469,1898,920,894,0.94,0.93,0.01,50
Guatemala,GTM,2021-04-29,170109,168211,1898,1742,953,0.95,0.94,0.01,53
Guatemala,GTM,2021-04-30,170833,168935,1898,724,795,0.95,0.94,0.01,44
Guatemala,GTM,2021-05-01,171267,169369,1898,434,812,0.96,0.95,0.01,45
Guatemala,GTM,2021-05-02,171695,169797,1898,428,828,0.96,0.95,0.01,46
Guatemala,GTM,2021-05-03,172490,170591,1899,795,897,0.96,0.95,0.01,50
Guatemala,GTM,2021-05-04,176102,174152,1950,3612,1236,0.98,0.97,0.01,69
Guatemala,GTM,2021-05-05,182332,180072,2260,6230,1995,1.02,1.01,0.01,111
Guatemala,GTM,2021-05-06,191128,188671,2457,8796,3003,1.07,1.05,0.01,168
Guatemala,GTM,2021-05-07,204328,201836,2492,13200,4785,1.14,1.13,0.01,267
Guatemala,GTM,2021-05-08,206951,204459,2492,2623,5098,1.16,1.14,0.01,285
Guatemala,GTM,2021-05-09,NA,NA,NA,NA,5779,NA,NA,NA,323
Guatemala,GTM,2021-05-10,217348,214830,2518,NA,6408,1.21,1.2,0.01,358
Guatemala,GTM,2021-05-11,232949,230431,2518,15601,8121,1.3,1.29,0.01,453
Guatemala,GTM,2021-05-12,245772,243251,2521,12823,9063,1.37,1.36,0.01,506
Guatemala,GTM,2021-05-13,259768,257247,2521,13996,9806,1.45,1.44,0.01,547
Guatemala,GTM,2021-05-14,274434,271912,2522,14666,10015,1.53,1.52,0.01,559
Guatemala,GTM,2021-05-15,276843,274321,2522,2409,9985,1.55,1.53,0.01,557
Guatemala,GTM,2021-05-16,279902,277380,2522,3059,9679,1.56,1.55,0.01,540
Guatemala,GTM,2021-05-17,293643,291108,2535,13741,10899,1.64,1.62,0.01,608
Guatemala,GTM,2021-05-18,308299,305764,2535,14656,10764,1.72,1.71,0.01,601
Guatemala,GTM,2021-05-19,323720,321185,2535,15421,11135,1.81,1.79,0.01,622
Guatemala,GTM,2021-05-20,337356,334821,2535,13636,11084,1.88,1.87,0.01,619
Guatemala,GTM,2021-05-21,350418,347883,2535,13062,10855,1.96,1.94,0.01,606
Guatemala,GTM,2021-05-22,352111,349576,2535,1693,10753,1.97,1.95,0.01,600
Guatemala,GTM,2021-05-23,352941,350406,2535,830,10434,1.97,1.96,0.01,582
Guatemala,GTM,2021-05-24,363400,360865,2535,10459,9965,2.03,2.01,0.01,556
Guatemala,GTM,2021-05-25,409532,374708,34824,46132,14462,2.29,2.09,0.19,807
Guatemala,GTM,2021-05-26,429959,385620,44339,20427,15177,2.4,2.15,0.25,847
Guatemala,GTM,2021-05-27,452100,397545,54555,22141,16392,2.52,2.22,0.3,915
Guatemala,GTM,2021-05-28,478753,414035,64718,26653,18334,2.67,2.31,0.36,1023
Guatemala,GTM,2021-05-29,485004,418060,66944,6251,18985,2.71,2.33,0.37,1060
Guatemala,GTM,2021-05-30,488129,419903,68226,3125,19313,2.72,2.34,0.38,1078
Guatemala,GTM,2021-05-31,514240,436067,78173,26111,21549,2.87,2.43,0.44,1203
Guatemala,GTM,2021-06-01,540944,452036,88908,26704,18773,3.02,2.52,0.5,1048
Guatemala,GTM,2021-06-02,561976,464587,97389,21032,18860,3.14,2.59,0.54,1053
Guatemala,GTM,2021-06-03,580186,476769,103417,18210,18298,3.24,2.66,0.58,1021
Guatemala,GTM,2021-06-04,594780,485681,109099,14594,16575,3.32,2.71,0.61,925
Guatemala,GTM,2021-06-05,595590,486162,109428,810,15798,3.32,2.71,0.61,882
Guatemala,GTM,2021-06-06,596858,486822,110036,1268,15533,3.33,2.72,0.61,867
Guatemala,GTM,2021-06-07,607689,492410,115279,10831,13350,3.39,2.75,0.64,745
Guatemala,GTM,2021-06-08,620011,499403,120608,12322,11295,3.46,2.79,0.67,630
Guatemala,GTM,2021-06-09,632992,507540,125452,12981,10145,3.53,2.83,0.7,566
Guatemala,GTM,2021-06-10,647339,517630,129709,14347,9593,3.61,2.89,0.72,535
Guatemala,GTM,2021-06-11,661648,528318,133330,14309,9553,3.69,2.95,0.74,533
Guatemala,GTM,2021-06-12,664722,531121,133601,3074,9876,3.71,2.96,0.75,551
Guatemala,GTM,2021-06-13,667044,533175,133869,2322,10027,3.72,2.98,0.75,560
Guatemala,GTM,2021-06-14,683752,547657,136095,16708,10866,3.82,3.06,0.76,607
Guatemala,GTM,2021-06-15,712099,573680,138419,28347,13155,3.97,3.2,0.77,734
Guatemala,GTM,2021-06-16,745323,604173,141150,33224,16047,4.16,3.37,0.79,896
Guatemala,GTM,2021-06-17,775390,631298,144092,30067,18293,4.33,3.52,0.8,1021
Guatemala,GTM,2021-06-18,805585,658434,147151,30195,20562,4.5,3.68,0.82,1148
Guatemala,GTM,2021-06-19,808754,661474,147280,3169,20576,4.51,3.69,0.82,1148
Guatemala,GTM,2021-06-20,813278,665871,147407,4524,20891,4.54,3.72,0.82,1166
Guatemala,GTM,2021-06-21,836639,686920,149719,23361,21841,4.67,3.83,0.84,1219
Guatemala,GTM,2021-06-22,859739,707948,151791,23100,21091,4.8,3.95,0.85,1177
Guatemala,GTM,2021-06-23,880570,727397,153173,20831,19321,4.92,4.06,0.85,1078
Guatemala,GTM,2021-06-24,900370,745182,155188,19800,17854,5.03,4.16,0.87,997
Guatemala,GTM,2021-06-25,918047,760474,157573,17677,16066,5.12,4.24,0.88,897
Guatemala,GTM,2021-06-26,920215,762497,157718,2168,15923,5.14,4.26,0.88,889
Guatemala,GTM,2021-06-27,922560,764745,157815,2345,15612,5.15,4.27,0.88,871
Guatemala,GTM,2021-06-28,925387,767392,157995,2827,12678,5.17,4.28,0.88,708
Guatemala,GTM,2021-06-29,938005,778519,159486,12618,11181,5.24,4.35,0.89,624
Guatemala,GTM,2021-06-30,948878,788440,160438,10873,9758,5.3,4.4,0.9,545
Guatemala,GTM,2021-07-01,957886,796497,161389,9008,8217,5.35,4.45,0.9,459
Guatemala,GTM,2021-07-02,NA,NA,NA,NA,6466,NA,NA,NA,361
Guatemala,GTM,2021-07-03,968734,805372,163362,NA,6931,5.41,4.5,0.91,387
Guatemala,GTM,2021-07-04,970183,806729,163454,1449,6803,5.42,4.5,0.91,380
Guatemala,GTM,2021-07-05,980255,813743,166512,10072,7838,5.47,4.54,0.93,437
Guatemala,GTM,2021-07-06,992483,822074,170409,12228,7783,5.54,4.59,0.95,434
Guatemala,GTM,2021-07-07,1002959,827180,175779,10476,7726,5.6,4.62,0.98,431
Guatemala,GTM,2021-07-08,1014644,833152,181492,11685,8108,5.66,4.65,1.01,453
Guatemala,GTM,2021-07-09,1028399,840367,188032,13755,9298,5.74,4.69,1.05,519
Guatemala,GTM,2021-07-10,NA,NA,NA,NA,8946,NA,NA,NA,499
Guatemala,GTM,2021-07-11,1034310,844228,190082,NA,9161,5.77,4.71,1.06,511
Guatemala,GTM,2021-07-12,1051395,852968,198427,17085,10163,5.87,4.76,1.11,567
Guatemala,GTM,2021-07-13,1092916,878966,213950,41521,14348,6.1,4.91,1.19,801
Guatemala,GTM,2021-07-14,1146477,917645,228832,53561,20503,6.4,5.12,1.28,1144
Guatemala,GTM,2021-07-15,1202164,960345,241819,55687,26789,6.71,5.36,1.35,1495
Guatemala,GTM,2021-07-16,1259164,1004437,254727,57000,32966,7.03,5.61,1.42,1840
Guatemala,GTM,2021-07-17,1274825,1017540,257285,15661,34782,7.12,5.68,1.44,1941
Guatemala,GTM,2021-07-18,1288797,1030094,258703,13972,36355,7.19,5.75,1.44,2029
Honduras,HND,2021-02-28,2684,2684,NA,NA,NA,0.03,0.03,NA,NA
Honduras,HND,2021-03-01,NA,NA,NA,NA,276,NA,NA,NA,28
Honduras,HND,2021-03-02,NA,NA,NA,NA,276,NA,NA,NA,28
Honduras,HND,2021-03-03,NA,NA,NA,NA,276,NA,NA,NA,28
Honduras,HND,2021-03-04,NA,NA,NA,NA,276,NA,NA,NA,28
Honduras,HND,2021-03-05,NA,NA,NA,NA,276,NA,NA,NA,28
Honduras,HND,2021-03-06,NA,NA,NA,NA,276,NA,NA,NA,28
Honduras,HND,2021-03-07,NA,NA,NA,NA,276,NA,NA,NA,28
Honduras,HND,2021-03-08,NA,NA,NA,NA,276,NA,NA,NA,28
Honduras,HND,2021-03-09,NA,NA,NA,NA,276,NA,NA,NA,28
Honduras,HND,2021-03-10,NA,NA,NA,NA,276,NA,NA,NA,28
Honduras,HND,2021-03-11,NA,NA,NA,NA,276,NA,NA,NA,28
Honduras,HND,2021-03-12,NA,NA,NA,NA,276,NA,NA,NA,28
Honduras,HND,2021-03-13,NA,NA,NA,NA,276,NA,NA,NA,28
Honduras,HND,2021-03-14,NA,NA,NA,NA,276,NA,NA,NA,28
Honduras,HND,2021-03-15,NA,NA,NA,NA,276,NA,NA,NA,28
Honduras,HND,2021-03-16,7100,7100,NA,NA,276,0.07,0.07,NA,28
Honduras,HND,2021-03-17,28570,28570,NA,21470,3304,0.29,0.29,NA,334
Honduras,HND,2021-03-18,NA,NA,NA,NA,3889,NA,NA,NA,393
Honduras,HND,2021-03-19,37317,37317,NA,NA,4474,0.38,0.38,NA,452
Honduras,HND,2021-03-20,NA,NA,NA,NA,4846,NA,NA,NA,489
Honduras,HND,2021-03-21,43073,43073,NA,NA,5218,0.43,0.43,NA,527
Honduras,HND,2021-03-22,NA,NA,NA,NA,5285,NA,NA,NA,534
Honduras,HND,2021-03-23,NA,NA,NA,NA,5352,NA,NA,NA,540
Honduras,HND,2021-03-24,NA,NA,NA,NA,2392,NA,NA,NA,242
Honduras,HND,2021-03-25,NA,NA,NA,NA,1873,NA,NA,NA,189
Honduras,HND,2021-03-26,NA,NA,NA,NA,1355,NA,NA,NA,137
Honduras,HND,2021-03-27,NA,NA,NA,NA,1051,NA,NA,NA,106
Honduras,HND,2021-03-28,NA,NA,NA,NA,746,NA,NA,NA,75
Honduras,HND,2021-03-29,NA,NA,NA,NA,746,NA,NA,NA,75
Honduras,HND,2021-03-30,NA,NA,NA,NA,746,NA,NA,NA,75
Honduras,HND,2021-03-31,NA,NA,NA,NA,746,NA,NA,NA,75
Honduras,HND,2021-04-01,NA,NA,NA,NA,746,NA,NA,NA,75
Honduras,HND,2021-04-02,NA,NA,NA,NA,746,NA,NA,NA,75
Honduras,HND,2021-04-03,52772,52772,NA,NA,746,0.53,0.53,NA,75
Honduras,HND,2021-04-04,NA,NA,NA,NA,755,NA,NA,NA,76
Honduras,HND,2021-04-05,NA,NA,NA,NA,765,NA,NA,NA,77
Honduras,HND,2021-04-06,NA,NA,NA,NA,774,NA,NA,NA,78
Honduras,HND,2021-04-07,NA,NA,NA,NA,783,NA,NA,NA,79
Honduras,HND,2021-04-08,NA,NA,NA,NA,793,NA,NA,NA,80
Honduras,HND,2021-04-09,57639,55000,2639,NA,802,0.58,0.56,0.03,81
Honduras,HND,2021-04-10,NA,NA,NA,NA,920,NA,NA,NA,93
Honduras,HND,2021-04-11,NA,NA,NA,NA,1028,NA,NA,NA,104
Honduras,HND,2021-04-12,NA,NA,NA,NA,1137,NA,NA,NA,115
Honduras,HND,2021-04-13,NA,NA,NA,NA,1246,NA,NA,NA,126
Honduras,HND,2021-04-14,NA,NA,NA,NA,1354,NA,NA,NA,137
Honduras,HND,2021-04-15,NA,NA,NA,NA,1463,NA,NA,NA,148
Honduras,HND,2021-04-16,NA,NA,NA,NA,1572,NA,NA,NA,159
Honduras,HND,2021-04-17,NA,NA,NA,NA,1572,NA,NA,NA,159
Honduras,HND,2021-04-18,NA,NA,NA,NA,1572,NA,NA,NA,159
Honduras,HND,2021-04-19,NA,NA,NA,NA,1572,NA,NA,NA,159
Honduras,HND,2021-04-20,NA,NA,NA,NA,1572,NA,NA,NA,159
Honduras,HND,2021-04-21,NA,NA,NA,NA,1572,NA,NA,NA,159
Honduras,HND,2021-04-22,NA,NA,NA,NA,1572,NA,NA,NA,159
Honduras,HND,2021-04-23,NA,NA,NA,NA,1572,NA,NA,NA,159
Honduras,HND,2021-04-24,NA,NA,NA,NA,1572,NA,NA,NA,159
Honduras,HND,2021-04-25,NA,NA,NA,NA,1572,NA,NA,NA,159
Honduras,HND,2021-04-26,NA,NA,NA,NA,1572,NA,NA,NA,159
Honduras,HND,2021-04-27,NA,NA,NA,NA,1572,NA,NA,NA,159
Honduras,HND,2021-04-28,NA,NA,NA,NA,1572,NA,NA,NA,159
Honduras,HND,2021-04-29,NA,NA,NA,NA,1572,NA,NA,NA,159
Honduras,HND,2021-04-30,NA,NA,NA,NA,1572,NA,NA,NA,159
Honduras,HND,2021-05-01,NA,NA,NA,NA,1572,NA,NA,NA,159
Honduras,HND,2021-05-02,NA,NA,NA,NA,1572,NA,NA,NA,159
Honduras,HND,2021-05-03,NA,NA,NA,NA,1572,NA,NA,NA,159
Honduras,HND,2021-05-04,NA,NA,NA,NA,1572,NA,NA,NA,159
Honduras,HND,2021-05-05,NA,NA,NA,NA,1572,NA,NA,NA,159
Honduras,HND,2021-05-06,NA,NA,NA,NA,1572,NA,NA,NA,159
Honduras,HND,2021-05-07,NA,NA,NA,NA,1572,NA,NA,NA,159
Honduras,HND,2021-05-08,NA,NA,NA,NA,1572,NA,NA,NA,159
Honduras,HND,2021-05-09,NA,NA,NA,NA,1572,NA,NA,NA,159
Honduras,HND,2021-05-10,NA,NA,NA,NA,1572,NA,NA,NA,159
Honduras,HND,2021-05-11,NA,NA,NA,NA,1572,NA,NA,NA,159
Honduras,HND,2021-05-12,NA,NA,NA,NA,1572,NA,NA,NA,159
Honduras,HND,2021-05-13,NA,NA,NA,NA,1572,NA,NA,NA,159
Honduras,HND,2021-05-14,NA,NA,NA,NA,1572,NA,NA,NA,159
Honduras,HND,2021-05-15,114225,108538,5687,NA,1572,1.15,1.1,0.06,159
Honduras,HND,2021-05-16,NA,NA,NA,NA,2529,NA,NA,NA,255
Honduras,HND,2021-05-17,NA,NA,NA,NA,3486,NA,NA,NA,352
Honduras,HND,2021-05-18,NA,NA,NA,NA,4443,NA,NA,NA,449
Honduras,HND,2021-05-19,NA,NA,NA,NA,5401,NA,NA,NA,545
Honduras,HND,2021-05-20,NA,NA,NA,NA,6358,NA,NA,NA,642
Honduras,HND,2021-05-21,163858,136476,27585,NA,7315,1.65,1.38,0.28,739
Honduras,HND,2021-05-22,NA,NA,NA,NA,8697,NA,NA,NA,878
Honduras,HND,2021-05-23,NA,NA,NA,NA,9122,NA,NA,NA,921
Honduras,HND,2021-05-24,NA,NA,NA,NA,9547,NA,NA,NA,964
Honduras,HND,2021-05-25,208843,NA,NA,NA,9972,2.11,NA,NA,1007
Honduras,HND,2021-05-26,NA,NA,NA,NA,10932,NA,NA,NA,1104
Honduras,HND,2021-05-27,NA,NA,NA,NA,11893,NA,NA,NA,1201
Honduras,HND,2021-05-28,253832,209704,NA,NA,12853,2.56,2.12,NA,1298
Honduras,HND,2021-05-29,NA,NA,NA,NA,14267,NA,NA,NA,1440
Honduras,HND,2021-05-30,NA,NA,NA,NA,15681,NA,NA,NA,1583
Honduras,HND,2021-05-31,317257,NA,NA,NA,17094,3.2,NA,NA,1726
Honduras,HND,2021-06-01,352252,NA,NA,34995,20487,3.56,NA,NA,2068
Honduras,HND,2021-06-02,377593,320832,56761,25341,21965,3.81,3.24,0.57,2218
Honduras,HND,2021-06-03,NA,NA,NA,NA,21356,NA,NA,NA,2156
Honduras,HND,2021-06-04,NA,NA,NA,NA,20747,NA,NA,NA,2095
Honduras,HND,2021-06-05,NA,NA,NA,NA,19260,NA,NA,NA,1945
Honduras,HND,2021-06-06,420531,369571,56960,NA,17774,4.25,3.73,0.58,1795
Honduras,HND,2021-06-07,NA,NA,NA,NA,15700,NA,NA,NA,1585
Honduras,HND,2021-06-08,NA,NA,NA,NA,11646,NA,NA,NA,1176
Honduras,HND,2021-06-09,NA,NA,NA,NA,8972,NA,NA,NA,906
Honduras,HND,2021-06-10,447023,390063,56960,NA,8385,4.51,3.94,0.58,847
Honduras,HND,2021-06-11,460245,402319,57926,13222,8740,4.65,4.06,0.58,882
Honduras,HND,2021-06-12,NA,NA,NA,NA,8607,NA,NA,NA,869
Honduras,HND,2021-06-13,479851,421925,57926,NA,8474,4.84,4.26,0.58,856
Honduras,HND,2021-06-14,NA,NA,NA,NA,7957,NA,NA,NA,803
Honduras,HND,2021-06-15,NA,NA,NA,NA,7440,NA,NA,NA,751
Honduras,HND,2021-06-16,488859,430859,58000,NA,6923,4.94,4.35,0.59,699
Honduras,HND,2021-06-17,497563,439563,58000,8704,7220,5.02,4.44,0.59,729
Honduras,HND,2021-06-18,541792,484018,NA,44229,11650,5.47,4.89,NA,1176
Honduras,HND,2021-06-19,NA,NA,NA,NA,12038,NA,NA,NA,1215
Honduras,HND,2021-06-20,NA,NA,NA,NA,12427,NA,NA,NA,1255
Honduras,HND,2021-06-21,NA,NA,NA,NA,13787,NA,NA,NA,1392
Honduras,HND,2021-06-22,591888,533888,58000,NA,15147,5.98,5.39,0.59,1529
Honduras,HND,2021-06-23,NA,NA,NA,NA,21300,NA,NA,NA,2151
Honduras,HND,2021-06-24,684035,625910,58125,NA,26639,6.91,6.32,0.59,2690
Honduras,HND,2021-06-25,NA,NA,NA,NA,22793,NA,NA,NA,2301
Honduras,HND,2021-06-26,NA,NA,NA,NA,23477,NA,NA,NA,2370
Honduras,HND,2021-06-27,NA,NA,NA,NA,24161,NA,NA,NA,2439
Honduras,HND,2021-06-28,NA,NA,NA,NA,24844,NA,NA,NA,2508
Honduras,HND,2021-06-29,NA,NA,NA,NA,25528,NA,NA,NA,2577
Honduras,HND,2021-06-30,NA,NA,NA,NA,21419,NA,NA,NA,2163
Honduras,HND,2021-07-01,NA,NA,NA,NA,17310,NA,NA,NA,1748
Honduras,HND,2021-07-02,822516,761715,NA,NA,17310,8.3,7.69,NA,1748
Honduras,HND,2021-07-03,903581,845456,58125,81065,26418,9.12,8.54,0.59,2667
Honduras,HND,2021-07-04,NA,NA,NA,NA,26687,NA,NA,NA,2694
Honduras,HND,2021-07-05,NA,NA,NA,NA,26957,NA,NA,NA,2722
Honduras,HND,2021-07-06,NA,NA,NA,NA,27226,NA,NA,NA,2749
Honduras,HND,2021-07-07,980363,912814,67549,NA,27495,9.9,9.22,0.68,2776
Honduras,HND,2021-07-08,NA,NA,NA,NA,33227,NA,NA,NA,3355
Honduras,HND,2021-07-09,1095232,1020739,74493,NA,38959,11.06,10.31,0.75,3933
Honduras,HND,2021-07-10,NA,NA,NA,NA,31074,NA,NA,NA,3137
Honduras,HND,2021-07-11,NA,NA,NA,NA,32027,NA,NA,NA,3234
Honduras,HND,2021-07-12,1172830,1093093,79737,NA,32980,11.84,11.04,0.81,3330
Honduras,HND,2021-07-13,NA,NA,NA,NA,32487,NA,NA,NA,3280
Honduras,HND,2021-07-14,NA,NA,NA,NA,31994,NA,NA,NA,3230
Honduras,HND,2021-07-15,NA,NA,NA,NA,26038,NA,NA,NA,2629
Honduras,HND,2021-07-16,1235812,1138154,NA,NA,20083,12.48,11.49,NA,2028
Honduras,HND,2021-07-17,NA,NA,NA,NA,23834,NA,NA,NA,2406
Honduras,HND,2021-07-18,NA,NA,NA,NA,27586,NA,NA,NA,2785
Honduras,HND,2021-07-19,1392191,NA,NA,NA,31337,14.06,NA,NA,3164
Nicaragua,NIC,2021-03-01,0,0,NA,NA,NA,0,0,NA,NA
Nicaragua,NIC,2021-03-02,NA,NA,NA,NA,1401,NA,NA,NA,211
Nicaragua,NIC,2021-03-03,NA,NA,NA,NA,1401,NA,NA,NA,211
Nicaragua,NIC,2021-03-04,NA,NA,NA,NA,1401,NA,NA,NA,211
Nicaragua,NIC,2021-03-05,NA,NA,NA,NA,1401,NA,NA,NA,211
Nicaragua,NIC,2021-03-06,NA,NA,NA,NA,1401,NA,NA,NA,211
Nicaragua,NIC,2021-03-07,NA,NA,NA,NA,1401,NA,NA,NA,211
Nicaragua,NIC,2021-03-08,NA,NA,NA,NA,1401,NA,NA,NA,211
Nicaragua,NIC,2021-03-09,NA,NA,NA,NA,1401,NA,NA,NA,211
Nicaragua,NIC,2021-03-10,NA,NA,NA,NA,1401,NA,NA,NA,211
Nicaragua,NIC,2021-03-11,NA,NA,NA,NA,1401,NA,NA,NA,211
Nicaragua,NIC,2021-03-12,NA,NA,NA,NA,1401,NA,NA,NA,211
Nicaragua,NIC,2021-03-13,NA,NA,NA,NA,1401,NA,NA,NA,211
Nicaragua,NIC,2021-03-14,NA,NA,NA,NA,1401,NA,NA,NA,211
Nicaragua,NIC,2021-03-15,NA,NA,NA,NA,1401,NA,NA,NA,211
Nicaragua,NIC,2021-03-16,NA,NA,NA,NA,1401,NA,NA,NA,211
Nicaragua,NIC,2021-03-17,NA,NA,NA,NA,1401,NA,NA,NA,211
Nicaragua,NIC,2021-03-18,NA,NA,NA,NA,1401,NA,NA,NA,211
Nicaragua,NIC,2021-03-19,NA,NA,NA,NA,1401,NA,NA,NA,211
Nicaragua,NIC,2021-03-20,NA,NA,NA,NA,1401,NA,NA,NA,211
Nicaragua,NIC,2021-03-21,NA,NA,NA,NA,1401,NA,NA,NA,211
Nicaragua,NIC,2021-03-22,NA,NA,NA,NA,1401,NA,NA,NA,211
Nicaragua,NIC,2021-03-23,NA,NA,NA,NA,1401,NA,NA,NA,211
Nicaragua,NIC,2021-03-24,NA,NA,NA,NA,1401,NA,NA,NA,211
Nicaragua,NIC,2021-03-25,NA,NA,NA,NA,1401,NA,NA,NA,211
Nicaragua,NIC,2021-03-26,NA,NA,NA,NA,1401,NA,NA,NA,211
Nicaragua,NIC,2021-03-27,NA,NA,NA,NA,1401,NA,NA,NA,211
Nicaragua,NIC,2021-03-28,NA,NA,NA,NA,1401,NA,NA,NA,211
Nicaragua,NIC,2021-03-29,NA,NA,NA,NA,1401,NA,NA,NA,211
Nicaragua,NIC,2021-03-30,NA,NA,NA,NA,1401,NA,NA,NA,211
Nicaragua,NIC,2021-03-31,NA,NA,NA,NA,1401,NA,NA,NA,211
Nicaragua,NIC,2021-04-01,NA,NA,NA,NA,1401,NA,NA,NA,211
Nicaragua,NIC,2021-04-02,NA,NA,NA,NA,1401,NA,NA,NA,211
Nicaragua,NIC,2021-04-03,NA,NA,NA,NA,1401,NA,NA,NA,211
Nicaragua,NIC,2021-04-04,NA,NA,NA,NA,1401,NA,NA,NA,211
Nicaragua,NIC,2021-04-05,NA,NA,NA,NA,1401,NA,NA,NA,211
Nicaragua,NIC,2021-04-06,NA,NA,NA,NA,1401,NA,NA,NA,211
Nicaragua,NIC,2021-04-07,NA,NA,NA,NA,1401,NA,NA,NA,211
Nicaragua,NIC,2021-04-08,NA,NA,NA,NA,1401,NA,NA,NA,211
Nicaragua,NIC,2021-04-09,NA,NA,NA,NA,1401,NA,NA,NA,211
Nicaragua,NIC,2021-04-10,NA,NA,NA,NA,1401,NA,NA,NA,211
Nicaragua,NIC,2021-04-11,NA,NA,NA,NA,1401,NA,NA,NA,211
Nicaragua,NIC,2021-04-12,NA,NA,NA,NA,1401,NA,NA,NA,211
Nicaragua,NIC,2021-04-13,NA,NA,NA,NA,1401,NA,NA,NA,211
Nicaragua,NIC,2021-04-14,61625,61625,NA,NA,1401,0.93,0.93,NA,211
Nicaragua,NIC,2021-04-15,NA,NA,NA,NA,2251,NA,NA,NA,340
Nicaragua,NIC,2021-04-16,NA,NA,NA,NA,3101,NA,NA,NA,468
Nicaragua,NIC,2021-04-17,NA,NA,NA,NA,3951,NA,NA,NA,596
Nicaragua,NIC,2021-04-18,NA,NA,NA,NA,4801,NA,NA,NA,725
Nicaragua,NIC,2021-04-19,NA,NA,NA,NA,5651,NA,NA,NA,853
Nicaragua,NIC,2021-04-20,NA,NA,NA,NA,6501,NA,NA,NA,981
Nicaragua,NIC,2021-04-21,NA,NA,NA,NA,7350,NA,NA,NA,1110
Nicaragua,NIC,2021-04-22,NA,NA,NA,NA,7350,NA,NA,NA,1110
Nicaragua,NIC,2021-04-23,NA,NA,NA,NA,7350,NA,NA,NA,1110
Nicaragua,NIC,2021-04-24,135130,135130,NA,NA,7350,2.04,2.04,NA,1110
Nicaragua,NIC,2021-04-25,NA,NA,NA,NA,6644,NA,NA,NA,1003
Nicaragua,NIC,2021-04-26,NA,NA,NA,NA,5937,NA,NA,NA,896
Nicaragua,NIC,2021-04-27,NA,NA,NA,NA,5230,NA,NA,NA,789
Nicaragua,NIC,2021-04-28,NA,NA,NA,NA,4523,NA,NA,NA,683
Nicaragua,NIC,2021-04-29,NA,NA,NA,NA,3816,NA,NA,NA,576
Nicaragua,NIC,2021-04-30,NA,NA,NA,NA,3109,NA,NA,NA,469
Nicaragua,NIC,2021-05-01,NA,NA,NA,NA,2402,NA,NA,NA,363
Nicaragua,NIC,2021-05-02,NA,NA,NA,NA,2402,NA,NA,NA,363
Nicaragua,NIC,2021-05-03,NA,NA,NA,NA,2402,NA,NA,NA,363
Nicaragua,NIC,2021-05-04,NA,NA,NA,NA,2402,NA,NA,NA,363
Nicaragua,NIC,2021-05-05,NA,NA,NA,NA,2402,NA,NA,NA,363
Nicaragua,NIC,2021-05-06,NA,NA,NA,NA,2402,NA,NA,NA,363
Nicaragua,NIC,2021-05-07,166350,166350,NA,NA,2402,2.51,2.51,NA,363
Nicaragua,NIC,2021-05-08,NA,NA,NA,NA,2070,NA,NA,NA,312
Nicaragua,NIC,2021-05-09,NA,NA,NA,NA,1739,NA,NA,NA,263
Nicaragua,NIC,2021-05-10,NA,NA,NA,NA,1408,NA,NA,NA,213
Nicaragua,NIC,2021-05-11,NA,NA,NA,NA,1076,NA,NA,NA,162
Nicaragua,NIC,2021-05-12,NA,NA,NA,NA,745,NA,NA,NA,112
Nicaragua,NIC,2021-05-13,NA,NA,NA,NA,413,NA,NA,NA,62
Nicaragua,NIC,2021-05-14,NA,NA,NA,NA,82,NA,NA,NA,12
Nicaragua,NIC,2021-05-15,NA,NA,NA,NA,82,NA,NA,NA,12
Nicaragua,NIC,2021-05-16,NA,NA,NA,NA,82,NA,NA,NA,12
Nicaragua,NIC,2021-05-17,NA,NA,NA,NA,82,NA,NA,NA,12
Nicaragua,NIC,2021-05-18,NA,NA,NA,NA,82,NA,NA,NA,12
Nicaragua,NIC,2021-05-19,NA,NA,NA,NA,82,NA,NA,NA,12
Nicaragua,NIC,2021-05-20,NA,NA,NA,NA,82,NA,NA,NA,12
Nicaragua,NIC,2021-05-21,167500,167500,NA,NA,82,2.53,2.53,NA,12
Nicaragua,NIC,2021-05-22,NA,NA,NA,NA,703,NA,NA,NA,106
Nicaragua,NIC,2021-05-23,NA,NA,NA,NA,1325,NA,NA,NA,200
Nicaragua,NIC,2021-05-24,NA,NA,NA,NA,1946,NA,NA,NA,294
Nicaragua,NIC,2021-05-25,NA,NA,NA,NA,2567,NA,NA,NA,387
Nicaragua,NIC,2021-05-26,NA,NA,NA,NA,3189,NA,NA,NA,481
Nicaragua,NIC,2021-05-27,NA,NA,NA,NA,3810,NA,NA,NA,575
Nicaragua,NIC,2021-05-28,NA,NA,NA,NA,4431,NA,NA,NA,669
Nicaragua,NIC,2021-05-29,NA,NA,NA,NA,4431,NA,NA,NA,669
Nicaragua,NIC,2021-05-30,NA,NA,NA,NA,4431,NA,NA,NA,669
Nicaragua,NIC,2021-05-31,NA,NA,NA,NA,4431,NA,NA,NA,669
Nicaragua,NIC,2021-06-01,NA,NA,NA,NA,4431,NA,NA,NA,669
Nicaragua,NIC,2021-06-02,NA,NA,NA,NA,4431,NA,NA,NA,669
Nicaragua,NIC,2021-06-03,NA,NA,NA,NA,4431,NA,NA,NA,669
Nicaragua,NIC,2021-06-04,NA,NA,NA,NA,4431,NA,NA,NA,669
Nicaragua,NIC,2021-06-05,NA,NA,NA,NA,4431,NA,NA,NA,669
Nicaragua,NIC,2021-06-06,NA,NA,NA,NA,4431,NA,NA,NA,669
Nicaragua,NIC,2021-06-07,NA,NA,NA,NA,4431,NA,NA,NA,669
Nicaragua,NIC,2021-06-08,NA,NA,NA,NA,4431,NA,NA,NA,669
Nicaragua,NIC,2021-06-09,NA,NA,NA,NA,4431,NA,NA,NA,669
Nicaragua,NIC,2021-06-10,NA,NA,NA,NA,4431,NA,NA,NA,669
Nicaragua,NIC,2021-06-11,NA,NA,NA,NA,4431,NA,NA,NA,669
Nicaragua,NIC,2021-06-12,NA,NA,NA,NA,4431,NA,NA,NA,669
Nicaragua,NIC,2021-06-13,NA,NA,NA,NA,4431,NA,NA,NA,669
Nicaragua,NIC,2021-06-14,NA,NA,NA,NA,4431,NA,NA,NA,669
Nicaragua,NIC,2021-06-15,NA,NA,NA,NA,4431,NA,NA,NA,669
Nicaragua,NIC,2021-06-16,NA,NA,NA,NA,4431,NA,NA,NA,669
Nicaragua,NIC,2021-06-17,NA,NA,NA,NA,4431,NA,NA,NA,669
Nicaragua,NIC,2021-06-18,NA,NA,NA,NA,4431,NA,NA,NA,669
Nicaragua,NIC,2021-06-19,NA,NA,NA,NA,4431,NA,NA,NA,669
Nicaragua,NIC,2021-06-20,NA,NA,NA,NA,4431,NA,NA,NA,669
Nicaragua,NIC,2021-06-21,NA,NA,NA,NA,4431,NA,NA,NA,669
Nicaragua,NIC,2021-06-22,NA,NA,NA,NA,4431,NA,NA,NA,669
Nicaragua,NIC,2021-06-23,NA,NA,NA,NA,4431,NA,NA,NA,669
Nicaragua,NIC,2021-06-24,NA,NA,NA,NA,4431,NA,NA,NA,669
Nicaragua,NIC,2021-06-25,NA,NA,NA,NA,4431,NA,NA,NA,669
Nicaragua,NIC,2021-06-26,NA,NA,NA,NA,4431,NA,NA,NA,669
Nicaragua,NIC,2021-06-27,NA,NA,NA,NA,4431,NA,NA,NA,669
Nicaragua,NIC,2021-06-28,NA,NA,NA,NA,4431,NA,NA,NA,669
Nicaragua,NIC,2021-06-29,NA,NA,NA,NA,4431,NA,NA,NA,669
Nicaragua,NIC,2021-06-30,NA,NA,NA,NA,4431,NA,NA,NA,669
Nicaragua,NIC,2021-07-01,NA,NA,NA,NA,4431,NA,NA,NA,669
Nicaragua,NIC,2021-07-02,NA,NA,NA,NA,4431,NA,NA,NA,669
Nicaragua,NIC,2021-07-03,NA,NA,NA,NA,4431,NA,NA,NA,669
Nicaragua,NIC,2021-07-04,NA,NA,NA,NA,4431,NA,NA,NA,669
Nicaragua,NIC,2021-07-05,NA,NA,NA,NA,4431,NA,NA,NA,669
Nicaragua,NIC,2021-07-06,NA,NA,NA,NA,4431,NA,NA,NA,669
Nicaragua,NIC,2021-07-07,NA,NA,NA,NA,4431,NA,NA,NA,669
Nicaragua,NIC,2021-07-08,NA,NA,NA,NA,4431,NA,NA,NA,669
Nicaragua,NIC,2021-07-09,NA,NA,NA,NA,4431,NA,NA,NA,669
Nicaragua,NIC,2021-07-10,NA,NA,NA,NA,4431,NA,NA,NA,669
Nicaragua,NIC,2021-07-11,NA,NA,NA,NA,4431,NA,NA,NA,669
Nicaragua,NIC,2021-07-12,NA,NA,NA,NA,4431,NA,NA,NA,669
Nicaragua,NIC,2021-07-13,NA,NA,NA,NA,4431,NA,NA,NA,669
Nicaragua,NIC,2021-07-14,NA,NA,NA,NA,4431,NA,NA,NA,669
Nicaragua,NIC,2021-07-15,NA,NA,NA,NA,4431,NA,NA,NA,669
Nicaragua,NIC,2021-07-16,415640,252766,162874,NA,4431,6.27,3.82,2.46,669
Panama,PAN,2021-01-20,641,641,NA,NA,NA,0.01,0.01,NA,NA
Panama,PAN,2021-01-21,2728,2728,NA,2087,2087,0.06,0.06,NA,484
Panama,PAN,2021-01-22,5081,5081,NA,2353,2220,0.12,0.12,NA,515
Panama,PAN,2021-01-23,5594,5594,NA,513,1651,0.13,0.13,NA,383
Panama,PAN,2021-01-24,6420,6420,NA,826,1445,0.15,0.15,NA,335
Panama,PAN,2021-01-25,6597,6597,NA,177,1191,0.15,0.15,NA,276
Panama,PAN,2021-01-26,7497,7497,NA,900,1143,0.17,0.17,NA,265
Panama,PAN,2021-01-27,8546,8546,NA,1049,1129,0.2,0.2,NA,262
Panama,PAN,2021-01-28,8723,8723,NA,177,856,0.2,0.2,NA,198
Panama,PAN,2021-01-29,8772,8772,NA,49,527,0.2,0.2,NA,122
Panama,PAN,2021-01-30,NA,NA,NA,NA,539,NA,NA,NA,125
Panama,PAN,2021-01-31,NA,NA,NA,NA,505,NA,NA,NA,117
Panama,PAN,2021-02-01,10549,10549,NA,NA,565,0.24,0.24,NA,131
Panama,PAN,2021-02-02,12013,12013,NA,1464,645,0.28,0.28,NA,149
Panama,PAN,2021-02-03,12362,12362,NA,349,545,0.29,0.29,NA,126
Panama,PAN,2021-02-04,12428,12428,NA,66,529,0.29,0.29,NA,123
Panama,PAN,2021-02-05,12441,12441,NA,13,524,0.29,0.29,NA,121
Panama,PAN,2021-02-06,NA,NA,NA,NA,453,NA,NA,NA,105
Panama,PAN,2021-02-07,NA,NA,NA,NA,381,NA,NA,NA,88
Panama,PAN,2021-02-08,NA,NA,NA,NA,309,NA,NA,NA,72
Panama,PAN,2021-02-09,12806,12806,NA,NA,113,0.3,0.3,NA,26
Panama,PAN,2021-02-10,NA,NA,NA,NA,349,NA,NA,NA,81
Panama,PAN,2021-02-11,NA,NA,NA,NA,624,NA,NA,NA,145
Panama,PAN,2021-02-12,NA,NA,NA,NA,908,NA,NA,NA,210
Panama,PAN,2021-02-13,NA,NA,NA,NA,1180,NA,NA,NA,273
Panama,PAN,2021-02-14,NA,NA,NA,NA,1452,NA,NA,NA,337
Panama,PAN,2021-02-15,NA,NA,NA,NA,1724,NA,NA,NA,400
Panama,PAN,2021-02-16,NA,NA,NA,NA,1997,NA,NA,NA,463
Panama,PAN,2021-02-17,NA,NA,NA,NA,1997,NA,NA,NA,463
Panama,PAN,2021-02-18,30776,28549,2227,NA,1997,0.71,0.66,0.05,463
Panama,PAN,2021-02-19,40830,38262,2568,10054,3148,0.95,0.89,0.06,730
Panama,PAN,2021-02-20,45535,42867,2668,4705,3535,1.06,0.99,0.06,819
Panama,PAN,2021-02-21,47848,45014,2834,2313,3580,1.11,1.04,0.07,830
Panama,PAN,2021-02-22,61168,57896,3272,13320,5197,1.42,1.34,0.08,1204
Panama,PAN,2021-02-23,64636,61104,3534,3468,5408,1.5,1.42,0.08,1253
Panama,PAN,2021-02-24,79989,74711,5278,15353,7316,1.85,1.73,0.12,1696
Panama,PAN,2021-02-25,89419,83733,5686,9430,8378,2.07,1.94,0.13,1942
Panama,PAN,2021-02-26,106667,100819,5848,17248,9405,2.47,2.34,0.14,2180
Panama,PAN,2021-02-27,114529,108675,5854,7862,9856,2.65,2.52,0.14,2284
Panama,PAN,2021-02-28,119176,113320,5856,4647,10190,2.76,2.63,0.14,2362
Panama,PAN,2021-03-01,122189,116326,5863,3013,8717,2.83,2.7,0.14,2020
Panama,PAN,2021-03-02,132610,126732,5878,10421,9711,3.07,2.94,0.14,2251
Panama,PAN,2021-03-03,136343,130462,5881,3733,8051,3.16,3.02,0.14,1866
Panama,PAN,2021-03-04,150411,144529,5882,14068,8713,3.49,3.35,0.14,2019
Panama,PAN,2021-03-05,166931,161039,5892,16520,8609,3.87,3.73,0.14,1995
Panama,PAN,2021-03-06,194715,191140,5892,27784,11455,4.51,4.43,0.14,2655
Panama,PAN,2021-03-07,208415,202522,5893,13700,12748,4.83,4.69,0.14,2955
Panama,PAN,2021-03-08,211751,205850,5901,3336,12795,4.91,4.77,0.14,2965
Panama,PAN,2021-03-09,214492,208590,5902,2741,11697,4.97,4.83,0.14,2711
Panama,PAN,2021-03-10,224765,218861,5904,10273,12632,5.21,5.07,0.14,2928
Panama,PAN,2021-03-11,233365,227461,5904,8600,11851,5.41,5.27,0.14,2747
Panama,PAN,2021-03-12,NA,NA,NA,NA,10587,NA,NA,NA,2454
Panama,PAN,2021-03-13,NA,NA,NA,NA,7714,NA,NA,NA,1788
Panama,PAN,2021-03-14,NA,NA,NA,NA,6853,NA,NA,NA,1588
Panama,PAN,2021-03-15,NA,NA,NA,NA,7473,NA,NA,NA,1732
Panama,PAN,2021-03-16,NA,NA,NA,NA,8178,NA,NA,NA,1895
Panama,PAN,2021-03-17,NA,NA,NA,NA,7807,NA,NA,NA,1809
Panama,PAN,2021-03-18,287086,235570,51516,NA,7674,6.65,5.46,1.19,1779
Panama,PAN,2021-03-19,NA,NA,NA,NA,7450,NA,NA,NA,1727
Panama,PAN,2021-03-20,NA,NA,NA,NA,7226,NA,NA,NA,1675
Panama,PAN,2021-03-21,NA,NA,NA,NA,7002,NA,NA,NA,1623
Panama,PAN,2021-03-22,NA,NA,NA,NA,6778,NA,NA,NA,1571
Panama,PAN,2021-03-23,NA,NA,NA,NA,6554,NA,NA,NA,1519
Panama,PAN,2021-03-24,NA,NA,NA,NA,6329,NA,NA,NA,1467
Panama,PAN,2021-03-25,329822,238228,91594,NA,6105,7.64,5.52,2.12,1415
Panama,PAN,2021-03-26,342716,243926,98790,12894,7075,7.94,5.65,2.29,1640
Panama,PAN,2021-03-27,352876,251650,101226,10160,7654,8.18,5.83,2.35,1774
Panama,PAN,2021-03-28,357431,255881,101550,4555,7433,8.28,5.93,2.35,1723
Panama,PAN,2021-03-29,358277,256704,101577,846,6681,8.3,5.95,2.35,1548
Panama,PAN,2021-03-30,NA,NA,NA,NA,6534,NA,NA,NA,1514
Panama,PAN,2021-03-31,NA,NA,NA,NA,6386,NA,NA,NA,1480
Panama,PAN,2021-04-01,373491,269072,101722,NA,6238,8.66,6.24,2.36,1446
Panama,PAN,2021-04-02,NA,NA,NA,NA,4900,NA,NA,NA,1136
Panama,PAN,2021-04-03,NA,NA,NA,NA,3951,NA,NA,NA,916
Panama,PAN,2021-04-04,NA,NA,NA,NA,3804,NA,NA,NA,882
Panama,PAN,2021-04-05,387580,269747,117833,NA,4186,8.98,6.25,2.73,970
Panama,PAN,2021-04-06,408618,276374,132244,21038,6467,9.47,6.41,3.06,1499
Panama,PAN,2021-04-07,440787,300804,139983,32169,10338,10.22,6.97,3.24,2396
Panama,PAN,2021-04-08,456929,311480,145449,16142,11920,10.59,7.22,3.37,2763
Panama,PAN,2021-04-09,478146,332630,145516,21217,14448,11.08,7.71,3.37,3348
Panama,PAN,2021-04-10,490911,345248,145663,12765,15768,11.38,8,3.38,3654
Panama,PAN,2021-04-11,NA,NA,NA,NA,16271,NA,NA,NA,3771
Panama,PAN,2021-04-12,505005,345894,159111,NA,16775,11.7,8.02,3.69,3888
Panama,PAN,2021-04-13,518629,349033,169596,13624,15716,12.02,8.09,3.93,3642
Panama,PAN,2021-04-14,529017,352276,176741,10388,12604,12.26,8.16,4.1,2921
Panama,PAN,2021-04-15,550860,368217,182643,21843,13419,12.77,8.53,4.23,3110
Panama,PAN,2021-04-16,557510,374250,183260,6650,11338,12.92,8.67,4.25,2628
Panama,PAN,2021-04-17,560691,377215,183476,3181,9969,12.99,8.74,4.25,2310
Panama,PAN,2021-04-18,564725,380939,183786,4034,9538,13.09,8.83,4.26,2211
Panama,PAN,2021-04-19,565471,381070,184401,746,8638,13.11,8.83,4.27,2002
Panama,PAN,2021-04-20,569267,383997,185270,3796,7234,13.19,8.9,4.29,1677
Panama,PAN,2021-04-21,574212,388362,185850,4945,6456,13.31,9,4.31,1496
Panama,PAN,2021-04-22,590703,403926,186777,16491,5692,13.69,9.36,4.33,1319
Panama,PAN,2021-04-23,595807,408366,187441,5104,5471,13.81,9.46,4.34,1268
Panama,PAN,2021-04-24,608957,421297,187660,13150,6895,14.11,9.76,4.35,1598
Panama,PAN,2021-04-25,619190,431461,187729,10233,7781,14.35,10,4.35,1803
Panama,PAN,2021-04-26,622720,434695,188025,3530,8178,14.43,10.07,4.36,1895
Panama,PAN,2021-04-27,640507,452242,188265,17787,10177,14.84,10.48,4.36,2359
Panama,PAN,2021-04-28,643939,453873,190066,3432,9961,14.92,10.52,4.41,2309
Panama,PAN,2021-04-29,672159,482089,190070,28220,11637,15.58,11.17,4.41,2697
Panama,PAN,2021-04-30,672846,NA,190781,687,11006,15.59,NA,4.42,2551
Panama,PAN,2021-05-01,NA,NA,NA,NA,10185,NA,NA,NA,2360
Panama,PAN,2021-05-02,687653,NA,191204,NA,9780,15.94,NA,4.43,2267
Panama,PAN,2021-05-03,692764,NA,191709,5111,10006,16.06,NA,4.44,2319
Panama,PAN,2021-05-04,695783,NA,192016,3019,7897,16.13,NA,4.45,1830
Panama,PAN,2021-05-05,706271,492348,213923,10488,8905,16.37,11.41,4.96,2064
Panama,PAN,2021-05-06,731189,496131,235058,24918,8433,16.95,11.5,5.45,1954
Panama,PAN,2021-05-07,758563,507759,250804,27374,12245,17.58,11.77,5.81,2838
Panama,PAN,2021-05-08,769842,514300,255542,11279,12799,17.84,11.92,5.92,2966
Panama,PAN,2021-05-09,770569,514959,255610,727,11845,17.86,11.93,5.92,2745
Panama,PAN,2021-05-10,775995,518957,256998,5426,11890,17.98,12.03,5.96,2756
Panama,PAN,2021-05-11,778174,519371,258803,2179,11770,18.04,12.04,6,2728
Panama,PAN,2021-05-12,779163,520260,258903,989,10413,18.06,12.06,6,2413
Panama,PAN,2021-05-13,787434,521445,265989,8271,8035,18.25,12.09,6.16,1862
Panama,PAN,2021-05-14,798711,525481,273230,11277,5735,18.51,12.18,6.33,1329
Panama,PAN,2021-05-15,825811,547567,278244,27100,7996,19.14,12.69,6.45,1853
Panama,PAN,2021-05-16,834556,556257,278299,8745,9141,19.34,12.89,6.45,2119
Panama,PAN,2021-05-17,844078,565026,279052,9522,9726,19.56,13.1,6.47,2254
Panama,PAN,2021-05-18,849376,570226,279150,5298,10172,19.69,13.22,6.47,2357
Panama,PAN,2021-05-19,863325,570640,292685,13949,12023,20.01,13.23,6.78,2786
Panama,PAN,2021-05-20,882282,576954,305328,18957,13550,20.45,13.37,7.08,3140
Panama,PAN,2021-05-21,908452,592674,315778,26170,15677,21.05,13.74,7.32,3633
Panama,PAN,2021-05-22,939728,622987,316741,31276,16274,21.78,14.44,7.34,3772
Panama,PAN,2021-05-23,946249,NA,317882,6521,15956,21.93,NA,7.37,3698
Panama,PAN,2021-05-24,953508,623682,329826,7259,15633,22.1,14.45,7.64,3623
Panama,PAN,2021-05-25,968604,630432,338172,15096,17033,22.45,14.61,7.84,3948
Panama,PAN,2021-05-26,987818,646405,341413,19214,17785,22.89,14.98,7.91,4122
Panama,PAN,2021-05-27,NA,NA,NA,NA,17166,NA,NA,NA,3978
Panama,PAN,2021-05-28,NA,NA,NA,NA,15517,NA,NA,NA,3596
Panama,PAN,2021-05-29,1031694,662381,369313,NA,13138,23.91,15.35,8.56,3045
Panama,PAN,2021-05-30,1056258,680689,375569,24564,15716,24.48,15.78,8.7,3642
Panama,PAN,2021-05-31,1071998,694254,377734,15740,16927,24.84,16.09,8.75,3923
Panama,PAN,2021-06-01,1080005,700503,379502,8007,15914,25.03,16.24,8.8,3688
Panama,PAN,2021-06-02,1083855,NA,384240,3850,13720,25.12,NA,8.91,3180
Panama,PAN,2021-06-03,1100689,714117,386572,16834,14035,25.51,16.55,8.96,3253
Panama,PAN,2021-06-04,1112847,723356,389491,12158,13683,25.79,16.76,9.03,3171
Panama,PAN,2021-06-05,NA,NA,NA,NA,13141,NA,NA,NA,3046
Panama,PAN,2021-06-06,1134516,744160,390356,NA,11180,26.29,17.25,9.05,2591
Panama,PAN,2021-06-07,1143067,749786,393282,8551,10153,26.49,17.38,9.11,2353
Panama,PAN,2021-06-08,1145654,750805,394849,2587,9378,26.55,17.4,9.15,2173
Panama,PAN,2021-06-09,1164396,757307,407089,18742,11506,26.99,17.55,9.43,2667
Panama,PAN,2021-06-10,1188731,769415,419316,24335,12577,27.55,17.83,9.72,2915
Panama,PAN,2021-06-11,1220209,788633,429434,31478,15337,28.28,18.28,9.95,3555
Panama,PAN,2021-06-12,1233583,796486,434955,13374,15700,28.59,18.46,10.08,3639
Panama,PAN,2021-06-13,1281550,846566,434984,47967,21005,29.7,19.62,10.08,4868
Panama,PAN,2021-06-14,1294993,858628,436365,13443,21704,30.01,19.9,10.11,5030
Panama,PAN,2021-06-15,1327999,891151,436848,33006,26049,30.78,20.65,10.12,6037
Panama,PAN,2021-06-16,1343784,NA,452808,15785,25627,31.14,NA,10.49,5939
Panama,PAN,2021-06-17,1370895,NA,467699,27111,26023,31.77,NA,10.84,6031
Panama,PAN,2021-06-18,1396100,NA,478426,25205,25127,32.36,NA,11.09,5823
Panama,PAN,2021-06-19,1412477,929180,483297,16377,25556,32.74,21.53,11.2,5923
Panama,PAN,2021-06-20,NA,NA,NA,NA,20773,NA,NA,NA,4814
Panama,PAN,2021-06-21,1441439,953974,487465,NA,20921,33.41,22.11,11.3,4849
Panama,PAN,2021-06-22,1441646,NA,490211,207,16235,33.41,NA,11.36,3763
Panama,PAN,2021-06-23,1444047,NA,499244,2401,14323,33.47,NA,11.57,3320
Panama,PAN,2021-06-24,1469057,961168,507889,25010,14023,34.05,22.28,11.77,3250
Panama,PAN,2021-06-25,1485288,970196,515092,16231,12741,34.42,22.49,11.94,2953
Panama,PAN,2021-06-26,NA,NA,NA,NA,11571,NA,NA,NA,2682
Panama,PAN,2021-06-27,1501657,NA,NA,NA,10671,34.8,NA,NA,2473
Panama,PAN,2021-06-28,1518049,994064,523985,16392,10944,35.18,23.04,12.14,2536
Panama,PAN,2021-06-29,1534248,1007646,526602,16199,13229,35.56,23.35,12.2,3066
Panama,PAN,2021-06-30,1553711,1018935,534776,19463,15666,36.01,23.62,12.39,3631
Panama,PAN,2021-07-01,1572931,1026456,546475,19220,14839,36.45,23.79,12.67,3439
Panama,PAN,2021-07-02,NA,NA,NA,NA,13830,NA,NA,NA,3205
Panama,PAN,2021-07-03,NA,NA,NA,NA,13971,NA,NA,NA,3238
Panama,PAN,2021-07-04,1600437,1038281,562156,NA,14111,37.09,24.06,13.03,3270
Panama,PAN,2021-07-05,1614850,1045711,569139,14413,13829,37.43,24.24,13.19,3205
Panama,PAN,2021-07-06,1646855,1073286,573569,32005,16087,38.17,24.87,13.29,3728
Panama,PAN,2021-07-07,1664002,1082807,581195,17147,15756,38.57,25.1,13.47,3652
Panama,PAN,2021-07-08,1688479,1096941,591538,24477,16507,39.13,25.42,13.71,3826
Panama,PAN,2021-07-09,1724646,1121704,602942,36167,20364,39.97,26,13.97,4720
Panama,PAN,2021-07-10,NA,NA,NA,NA,19884,NA,NA,NA,4608
Panama,PAN,2021-07-11,1736269,1127967,608302,NA,19405,40.24,26.14,14.1,4497
Panama,PAN,2021-07-12,1749605,1133139,616466,13336,19251,40.55,26.26,14.29,4462
Panama,PAN,2021-07-13,1763511,1139416,624095,13906,16665,40.87,26.41,14.46,3862
Panama,PAN,2021-07-14,1781542,1149802,631740,18031,16791,41.29,26.65,14.64,3892
Panama,PAN,2021-07-15,1810017,1169979,640038,28475,17363,41.95,27.12,14.83,4024
Panama,PAN,2021-07-16,1841890,1193334,648556,31873,16749,42.69,27.66,15.03,3882
Panama,PAN,2021-07-17,NA,NA,NA,NA,17591,NA,NA,NA,4077
Panama,PAN,2021-07-18,NA,NA,NA,NA,18433,NA,NA,NA,4272
Panama,PAN,2021-07-19,1877009,1220227,656782,NA,18201,43.5,28.28,15.22,4218
